Date,4 WEEKS BANK DISCOUNT
4/5/2024,5.27
4/4/2024,5.26
4/3/2024,5.27
4/2/2024,5.29
4/1/2024,5.29
3/28/2024,5.29
3/27/2024,5.27
3/26/2024,5.27
3/25/2024,5.28
3/22/2024,5.27
3/21/2024,5.27
3/20/2024,5.27
3/19/2024,5.29
3/18/2024,5.29
3/15/2024,5.29
3/14/2024,5.29
3/13/2024,5.29
3/12/2024,5.29
3/11/2024,5.27
3/8/2024,5.28
3/7/2024,5.28
3/6/2024,5.27
3/5/2024,5.27
3/4/2024,5.28
3/1/2024,5.3
2/29/2024,5.3
2/28/2024,5.29
2/27/2024,5.3
2/26/2024,5.29
2/23/2024,5.29
2/22/2024,5.28
2/21/2024,5.29
2/20/2024,5.29
2/16/2024,5.28
2/15/2024,5.28
2/14/2024,5.28
2/13/2024,5.27
2/12/2024,5.28
2/9/2024,5.28
2/8/2024,5.28
2/7/2024,5.26
2/6/2024,5.27
2/5/2024,5.28
2/2/2024,5.28
2/1/2024,5.28
1/31/2024,5.27
1/30/2024,5.27
1/29/2024,5.27
1/26/2024,5.27
1/25/2024,5.28
1/24/2024,5.27
1/23/2024,5.28
1/22/2024,5.27
1/19/2024,5.28
1/18/2024,5.26
1/17/2024,5.29
1/16/2024,5.29
1/12/2024,5.28
1/11/2024,5.28
1/10/2024,5.27
1/9/2024,5.28
1/8/2024,5.28
1/5/2024,5.28
1/4/2024,5.29
1/3/2024,5.27
1/2/2024,5.28
12/29/2023,5.33
12/28/2023,5.31
12/27/2023,5.28
12/26/2023,5.27
12/22/2023,5.27
12/21/2023,5.27
12/20/2023,5.24
12/19/2023,5.24
12/18/2023,5.25
12/15/2023,5.27
12/14/2023,5.28
12/13/2023,5.26
12/12/2023,5.27
12/11/2023,5.28
12/8/2023,5.28
12/7/2023,5.26
12/6/2023,5.27
12/5/2023,5.28
12/4/2023,5.29
12/1/2023,5.29
11/30/2023,5.29
11/29/2023,5.29
11/28/2023,5.3
11/27/2023,5.3
11/24/2023,5.31
11/22/2023,5.31
11/21/2023,5.28
11/20/2023,5.29
11/17/2023,5.29
11/16/2023,5.29
11/15/2023,5.28
11/14/2023,5.28
11/13/2023,5.29
11/10/2023,5.29
11/9/2023,5.29
11/8/2023,5.28
11/7/2023,5.29
11/6/2023,5.29
11/3/2023,5.29
11/2/2023,5.29
11/1/2023,5.29
10/31/2023,5.29
10/30/2023,5.29
10/27/2023,5.3
10/26/2023,5.3
10/25/2023,5.29
10/24/2023,5.3
10/23/2023,5.31
10/20/2023,5.29
10/19/2023,5.31
10/18/2023,5.3
10/17/2023,5.31
10/16/2023,5.31
10/13/2023,5.33
10/12/2023,5.34
10/11/2023,5.31
10/10/2023,5.33
10/6/2023,5.32
10/5/2023,5.3
10/4/2023,5.29
10/3/2023,5.28
10/2/2023,5.29
9/29/2023,5.29
9/28/2023,5.29
9/27/2023,5.3
9/26/2023,5.3
9/25/2023,5.3
9/22/2023,5.29
9/21/2023,5.29
9/20/2023,5.29
9/19/2023,5.29
9/18/2023,5.29
9/15/2023,5.28
9/14/2023,5.28
9/13/2023,5.28
9/12/2023,5.28
9/11/2023,5.28
9/8/2023,5.28
9/7/2023,5.28
9/6/2023,5.28
9/5/2023,5.27
9/1/2023,5.28
8/31/2023,5.28
8/30/2023,5.29
8/29/2023,5.27
8/28/2023,5.29
8/25/2023,5.29
8/24/2023,5.28
8/23/2023,5.28
8/22/2023,5.27
8/21/2023,5.28
8/18/2023,5.27
8/17/2023,5.28
8/16/2023,5.26
8/15/2023,5.27
8/14/2023,5.28
8/11/2023,5.28
8/10/2023,5.28
8/9/2023,5.25
8/8/2023,5.28
8/7/2023,5.27
8/4/2023,5.27
8/3/2023,5.28
8/2/2023,5.27
8/1/2023,5.28
7/31/2023,5.27
7/28/2023,5.26
7/27/2023,5.27
7/26/2023,5.27
7/25/2023,5.28
7/24/2023,5.26
7/21/2023,5.26
7/20/2023,5.27
7/19/2023,5.17
7/18/2023,5.18
7/17/2023,5.19
7/14/2023,5.2
7/13/2023,5.21
7/12/2023,5.16
7/11/2023,5.16
7/10/2023,5.16
7/7/2023,5.16
7/6/2023,5.15
7/5/2023,5.1
7/3/2023,5.1
6/30/2023,5.08
6/29/2023,5.09
6/28/2023,5
6/27/2023,5
6/26/2023,5.01
6/23/2023,5.01
6/22/2023,5.02
6/21/2023,5
6/20/2023,5.01
6/16/2023,5.02
6/15/2023,5.02
6/14/2023,5.01
6/13/2023,5.03
6/12/2023,5.08
6/9/2023,5.09
6/8/2023,5.09
6/7/2023,4.91
6/6/2023,4.99
6/5/2023,5.09
6/2/2023,5.12
6/1/2023,5.14
5/31/2023,5.08
5/30/2023,5.12
5/26/2023,5.78
5/25/2023,5.71
5/24/2023,5.62
5/23/2023,5.51
5/22/2023,5.5
5/19/2023,5.41
5/18/2023,5.38
5/17/2023,5.39
5/16/2023,5.45
5/15/2023,5.49
5/12/2023,5.57
5/11/2023,5.59
5/10/2023,5.39
5/9/2023,5.4
5/8/2023,5.33
5/5/2023,5.38
5/4/2023,5.54
5/3/2023,4.44
5/2/2023,4.33
5/1/2023,4.32
4/28/2023,4.23
4/27/2023,4.16
4/26/2023,3.63
4/25/2023,3.92
4/24/2023,3.4
4/21/2023,3.29
4/20/2023,3.32
4/19/2023,3.68
4/18/2023,3.69
4/17/2023,3.95
4/14/2023,4.18
4/13/2023,3.98
4/12/2023,4.04
4/11/2023,4.09
4/10/2023,4.39
4/7/2023,4.43
4/6/2023,4.44
4/5/2023,4.48
4/4/2023,4.52
4/3/2023,4.56
3/31/2023,4.6
3/30/2023,4.6
3/29/2023,4.2
3/28/2023,4.1
3/27/2023,4.07
3/24/2023,4.15
3/23/2023,4.13
3/22/2023,3.98
3/21/2023,3.91
3/20/2023,4.19
3/17/2023,4.18
3/16/2023,3.93
3/15/2023,4.06
3/14/2023,4.27
3/13/2023,4.45
3/10/2023,4.64
3/9/2023,4.66
3/8/2023,4.59
3/7/2023,4.63
3/6/2023,4.59
3/3/2023,4.59
3/2/2023,4.59
3/1/2023,4.52
2/28/2023,4.52
2/27/2023,4.54
2/24/2023,4.55
2/23/2023,4.53
2/22/2023,4.49
2/21/2023,4.5
2/17/2023,4.51
2/16/2023,4.53
2/15/2023,4.51
2/14/2023,4.5
2/13/2023,4.53
2/10/2023,4.53
2/9/2023,4.53
2/8/2023,4.51
2/7/2023,4.49
2/6/2023,4.49
2/3/2023,4.48
2/2/2023,4.49
2/1/2023,4.46
1/31/2023,4.45
1/30/2023,4.47
1/27/2023,4.48
1/26/2023,4.49
1/25/2023,4.47
1/24/2023,4.49
1/23/2023,4.49
1/20/2023,4.48
1/19/2023,4.49
1/18/2023,4.39
1/17/2023,4.4
1/13/2023,4.38
1/12/2023,4.37
1/11/2023,4.2
1/10/2023,4.2
1/9/2023,4.17
1/6/2023,4.14
1/5/2023,4.12
1/4/2023,4
1/3/2023,3.96
12/30/2022,3.95
12/29/2022,3.88
12/28/2022,3.57
12/27/2022,3.62
12/23/2022,3.65
12/22/2022,3.65
12/21/2022,3.66
12/20/2022,3.69
12/19/2022,3.77
12/16/2022,3.78
12/15/2022,3.79
12/14/2022,3.73
12/13/2022,3.71
12/12/2022,3.68
12/9/2022,3.66
12/8/2022,3.61
12/7/2022,3.6
12/6/2022,3.68
12/5/2022,3.75
12/2/2022,3.75
12/1/2022,3.87
11/30/2022,3.91
11/29/2022,3.92
11/28/2022,3.96
11/25/2022,4.01
11/23/2022,3.97
11/22/2022,3.81
11/21/2022,3.82
11/18/2022,3.79
11/17/2022,3.8
11/16/2022,3.64
11/15/2022,3.62
11/14/2022,3.58
11/10/2022,3.58
11/9/2022,3.48
11/8/2022,3.51
11/7/2022,3.64
11/4/2022,3.6
11/3/2022,3.63
11/2/2022,3.53
11/1/2022,3.56
10/31/2022,3.57
10/28/2022,3.6
10/27/2022,3.61
10/26/2022,3.36
10/25/2022,3.4
10/24/2022,3.42
10/21/2022,3.42
10/20/2022,3.44
10/19/2022,3.13
10/18/2022,3.08
10/17/2022,3.16
10/14/2022,3.18
10/13/2022,3.23
10/12/2022,2.91
10/11/2022,2.92
10/7/2022,2.92
10/6/2022,2.94
10/5/2022,2.74
10/4/2022,2.77
10/3/2022,2.75
9/30/2022,2.7
9/29/2022,2.68
9/28/2022,2.5
9/27/2022,2.6
9/26/2022,2.64
9/23/2022,2.59
9/22/2022,2.65
9/21/2022,2.46
9/20/2022,2.47
9/19/2022,2.53
9/16/2022,2.6
9/15/2022,2.68
9/14/2022,2.43
9/13/2022,2.45
9/12/2022,2.54
9/9/2022,2.5
9/8/2022,2.5
9/7/2022,2.18
9/6/2022,2.34
9/2/2022,2.42
9/1/2022,2.46
8/31/2022,2.29
8/30/2022,2.32
8/29/2022,2.35
8/26/2022,2.31
8/25/2022,2.34
8/24/2022,2.17
8/23/2022,2.17
8/22/2022,2.18
8/19/2022,2.16
8/18/2022,2.16
8/17/2022,2.11
8/16/2022,2.16
8/15/2022,2.18
8/12/2022,2.16
8/11/2022,2.17
8/10/2022,2.15
8/9/2022,2.14
8/8/2022,2.14
8/5/2022,2.14
8/4/2022,2.12
8/3/2022,2.14
8/2/2022,2.15
8/1/2022,2.15
7/29/2022,2.16
7/28/2022,2.15
7/27/2022,2.09
7/26/2022,2.12
7/25/2022,2.1
7/22/2022,2.12
7/21/2022,2.12
7/20/2022,1.84
7/19/2022,1.87
7/18/2022,1.91
7/15/2022,1.95
7/14/2022,1.96
7/13/2022,1.68
7/12/2022,1.57
7/11/2022,1.53
7/8/2022,1.55
7/7/2022,1.53
7/6/2022,1.29
7/5/2022,1.27
7/1/2022,1.26
6/30/2022,1.26
6/29/2022,1.06
6/28/2022,1.07
6/27/2022,1.13
6/24/2022,1.18
6/23/2022,1.11
6/22/2022,0.92
6/21/2022,1.04
6/17/2022,1.13
6/16/2022,1.18
6/15/2022,1.16
6/14/2022,1.15
6/13/2022,1.11
6/10/2022,1.09
6/9/2022,1.04
6/8/2022,0.86
6/7/2022,0.85
6/6/2022,0.87
6/3/2022,0.86
6/2/2022,0.84
6/1/2022,0.75
5/31/2022,0.71
5/27/2022,0.68
5/26/2022,0.7
5/25/2022,0.52
5/24/2022,0.51
5/23/2022,0.52
5/20/2022,0.62
5/19/2022,0.65
5/18/2022,0.5
5/17/2022,0.58
5/16/2022,0.62
5/13/2022,0.66
5/12/2022,0.6
5/11/2022,0.56
5/10/2022,0.55
5/9/2022,0.49
5/6/2022,0.48
5/5/2022,0.49
5/4/2022,0.45
5/3/2022,0.44
5/2/2022,0.38
4/29/2022,0.37
4/28/2022,0.37
4/27/2022,0.35
4/26/2022,0.36
4/25/2022,0.39
4/22/2022,0.46
4/21/2022,0.5
4/20/2022,0.33
4/19/2022,0.35
4/18/2022,0.37
4/14/2022,0.37
4/13/2022,0.23
4/12/2022,0.19
4/11/2022,0.21
4/8/2022,0.2
4/7/2022,0.21
4/6/2022,0.19
4/5/2022,0.17
4/4/2022,0.17
4/1/2022,0.15
3/31/2022,0.17
3/30/2022,0.13
3/29/2022,0.17
3/28/2022,0.18
3/25/2022,0.17
3/24/2022,0.16
3/23/2022,0.14
3/22/2022,0.2
3/21/2022,0.21
3/18/2022,0.19
3/17/2022,0.2
3/16/2022,0.23
3/15/2022,0.21
3/14/2022,0.22
3/11/2022,0.17
3/10/2022,0.19
3/9/2022,0.17
3/8/2022,0.15
3/7/2022,0.17
3/4/2022,0.15
3/3/2022,0.19
3/2/2022,0.12
3/1/2022,0.1
2/28/2022,0.06
2/25/2022,0.03
2/24/2022,0.05
2/23/2022,0.02
2/22/2022,0.03
2/18/2022,0.03
2/17/2022,0.06
2/16/2022,0.03
2/15/2022,0.02
2/14/2022,0.03
2/11/2022,0.03
2/10/2022,0.05
2/9/2022,0.03
2/8/2022,0.03
2/7/2022,0.03
2/4/2022,0.05
2/3/2022,0.03
2/2/2022,0.04
2/1/2022,0.04
1/31/2022,0.03
1/28/2022,0.04
1/27/2022,0.04
1/26/2022,0.05
1/25/2022,0.05
1/24/2022,0.05
1/21/2022,0.05
1/20/2022,0.05
1/19/2022,0.05
1/18/2022,0.05
1/14/2022,0.05
1/13/2022,0.05
1/12/2022,0.04
1/11/2022,0.04
1/10/2022,0.05
1/7/2022,0.05
1/6/2022,0.04
1/5/2022,0.05
1/4/2022,0.06
1/3/2022,0.05
12/31/2021,0.06
12/30/2021,0.06
12/29/2021,0.01
12/28/2021,0.03
12/27/2021,0.04
12/23/2021,0.04
12/22/2021,0.03
12/21/2021,0.03
12/20/2021,0.03
12/17/2021,0.03
12/16/2021,0.04
12/15/2021,0.03
12/14/2021,0.01
12/13/2021,0.01
12/10/2021,0.03
12/9/2021,0.03
12/8/2021,0.04
12/7/2021,0.05
12/6/2021,0.05
12/3/2021,0.04
12/2/2021,0.05
12/1/2021,0.1
11/30/2021,0.11
11/29/2021,0.07
11/26/2021,0.11
11/24/2021,0.14
11/23/2021,0.06
11/22/2021,0.07
11/19/2021,0.11
11/18/2021,0.12
11/17/2021,0.06
11/16/2021,0.06
11/15/2021,0.06
11/12/2021,0.05
11/10/2021,0.06
11/9/2021,0.04
11/8/2021,0.04
11/5/2021,0.05
11/4/2021,0.05
11/3/2021,0.05
11/2/2021,0.05
11/1/2021,0.05
10/29/2021,0.06
10/28/2021,0.06
10/27/2021,0.06
10/26/2021,0.06
10/25/2021,0.06
10/22/2021,0.05
10/21/2021,0.06
10/20/2021,0.05
10/19/2021,0.05
10/18/2021,0.04
10/15/2021,0.04
10/14/2021,0.05
10/13/2021,0.02
10/12/2021,0.02
10/8/2021,0.02
10/7/2021,0.03
10/6/2021,0.06
10/5/2021,0.11
10/4/2021,0.1
10/1/2021,0.08
9/30/2021,0.07
9/29/2021,0.05
9/28/2021,0.07
9/27/2021,0.06
9/24/2021,0.06
9/23/2021,0.05
9/22/2021,0.04
9/21/2021,0.05
9/20/2021,0.06
9/17/2021,0.06
9/16/2021,0.06
9/15/2021,0.04
9/14/2021,0.05
9/13/2021,0.06
9/10/2021,0.06
9/9/2021,0.07
9/8/2021,0.05
9/7/2021,0.04
9/3/2021,0.04
9/2/2021,0.05
9/1/2021,0.04
8/31/2021,0.03
8/30/2021,0.04
8/27/2021,0.04
8/26/2021,0.04
8/25/2021,0.04
8/24/2021,0.03
8/23/2021,0.04
8/20/2021,0.04
8/19/2021,0.04
8/18/2021,0.03
8/17/2021,0.03
8/16/2021,0.04
8/13/2021,0.04
8/12/2021,0.05
8/11/2021,0.05
8/10/2021,0.05
8/9/2021,0.04
8/6/2021,0.04
8/5/2021,0.05
8/4/2021,0.05
8/3/2021,0.05
8/2/2021,0.05
7/30/2021,0.05
7/29/2021,0.05
7/28/2021,0.04
7/27/2021,0.04
7/26/2021,0.05
7/23/2021,0.05
7/22/2021,0.04
7/21/2021,0.04
7/20/2021,0.05
7/19/2021,0.05
7/16/2021,0.05
7/15/2021,0.05
7/14/2021,0.06
7/13/2021,0.05
7/12/2021,0.05
7/9/2021,0.06
7/8/2021,0.06
7/7/2021,0.05
7/6/2021,0.05
7/2/2021,0.05
7/1/2021,0.05
6/30/2021,0.05
6/29/2021,0.04
6/28/2021,0.04
6/25/2021,0.05
6/24/2021,0.05
6/23/2021,0.04
6/22/2021,0.04
6/21/2021,0.04
6/18/2021,0.05
6/17/2021,0.05
6/16/2021,0.04
6/15/2021,0.02
6/14/2021,0.01
6/11/2021,0.01
6/10/2021,0.01
6/9/2021,0.01
6/8/2021,0.01
6/7/2021,0.01
6/4/2021,0.01
6/3/2021,0
6/2/2021,0.01
6/1/2021,0.01
5/28/2021,0.01
5/27/2021,0
5/26/2021,0
5/25/2021,0.01
5/24/2021,0.01
5/21/2021,0
5/20/2021,0.01
5/19/2021,0
5/18/2021,0
5/17/2021,0
5/14/2021,0.01
5/13/2021,0
5/12/2021,0.01
5/11/2021,0.01
5/10/2021,0.02
5/7/2021,0.01
5/6/2021,0.01
5/5/2021,0.01
5/4/2021,0.01
5/3/2021,0.02
4/30/2021,0.01
4/29/2021,0.01
4/28/2021,0.01
4/27/2021,0.01
4/26/2021,0.02
4/23/2021,0.01
4/22/2021,0.02
4/21/2021,0
4/20/2021,0.01
4/19/2021,0.01
4/16/2021,0.02
4/15/2021,0.02
4/14/2021,0.02
4/13/2021,0.03
4/12/2021,0.02
4/9/2021,0.02
4/8/2021,0.02
4/7/2021,0.01
4/6/2021,0.02
4/5/2021,0.03
4/2/2021,0.02
4/1/2021,0.02
3/31/2021,0.01
3/30/2021,0.01
3/29/2021,0.02
3/26/2021,0.02
3/25/2021,0.02
3/24/2021,0.02
3/23/2021,0.02
3/22/2021,0.02
3/19/2021,0.01
3/18/2021,0.01
3/17/2021,0.01
3/16/2021,0.01
3/15/2021,0.02
3/12/2021,0.03
3/11/2021,0.04
3/10/2021,0.03
3/9/2021,0.04
3/8/2021,0.04
3/5/2021,0.04
3/4/2021,0.03
3/3/2021,0.04
3/2/2021,0.04
3/1/2021,0.03
2/26/2021,0.04
2/25/2021,0.04
2/24/2021,0.03
2/23/2021,0.03
2/22/2021,0.03
2/19/2021,0.03
2/18/2021,0.03
2/17/2021,0.03
2/16/2021,0.03
2/12/2021,0.03
2/11/2021,0.05
2/10/2021,0.05
2/9/2021,0.04
2/8/2021,0.04
2/5/2021,0.02
2/4/2021,0.03
2/3/2021,0.03
2/2/2021,0.04
2/1/2021,0.06
1/29/2021,0.07
1/28/2021,0.05
1/27/2021,0.05
1/26/2021,0.05
1/25/2021,0.07
1/22/2021,0.07
1/21/2021,0.07
1/20/2021,0.08
1/19/2021,0.07
1/15/2021,0.08
1/14/2021,0.09
1/13/2021,0.09
1/12/2021,0.09
1/11/2021,0.09
1/8/2021,0.08
1/7/2021,0.09
1/6/2021,0.09
1/5/2021,0.08
1/4/2021,0.09
12/31/2020,0.08
12/30/2020,0.06
12/29/2020,0.08
12/28/2020,0.09
12/24/2020,0.09
12/23/2020,0.07
12/22/2020,0.06
12/21/2020,0.08
12/18/2020,0.08
12/17/2020,0.08
12/16/2020,0.08
12/15/2020,0.07
12/14/2020,0.07
12/11/2020,0.08
12/10/2020,0.07
12/9/2020,0.07
12/8/2020,0.08
12/7/2020,0.09
12/4/2020,0.07
12/3/2020,0.08
12/2/2020,0.07
12/1/2020,0.07
11/30/2020,0.08
11/27/2020,0.09
11/25/2020,0.07
11/24/2020,0.08
11/23/2020,0.08
11/20/2020,0.09
11/19/2020,0.08
11/18/2020,0.07
11/17/2020,0.08
11/16/2020,0.09
11/13/2020,0.1
11/12/2020,0.1
11/10/2020,0.09
11/9/2020,0.1
11/6/2020,0.1
11/5/2020,0.09
11/4/2020,0.08
11/3/2020,0.09
11/2/2020,0.09
10/30/2020,0.08
10/29/2020,0.08
10/28/2020,0.07
10/27/2020,0.08
10/26/2020,0.08
10/23/2020,0.08
10/22/2020,0.09
10/21/2020,0.08
10/20/2020,0.08
10/19/2020,0.09
10/16/2020,0.09
10/15/2020,0.1
10/14/2020,0.1
10/13/2020,0.09
10/9/2020,0.1
10/8/2020,0.09
10/7/2020,0.08
10/6/2020,0.08
10/5/2020,0.09
10/2/2020,0.1
10/1/2020,0.09
9/30/2020,0.08
9/29/2020,0.07
9/28/2020,0.09
9/25/2020,0.08
9/24/2020,0.08
9/23/2020,0.08
9/22/2020,0.08
9/21/2020,0.09
9/18/2020,0.09
9/17/2020,0.09
9/16/2020,0.08
9/15/2020,0.09
9/14/2020,0.1
9/11/2020,0.1
9/10/2020,0.1
9/9/2020,0.1
9/8/2020,0.1
9/4/2020,0.09
9/3/2020,0.1
9/2/2020,0.1
9/1/2020,0.09
8/31/2020,0.08
8/28/2020,0.09
8/27/2020,0.09
8/26/2020,0.07
8/25/2020,0.08
8/24/2020,0.09
8/21/2020,0.07
8/20/2020,0.08
8/19/2020,0.07
8/18/2020,0.08
8/17/2020,0.09
8/14/2020,0.09
8/13/2020,0.08
8/12/2020,0.08
8/11/2020,0.08
8/10/2020,0.09
8/7/2020,0.08
8/6/2020,0.07
8/5/2020,0.08
8/4/2020,0.09
8/3/2020,0.09
7/31/2020,0.09
7/30/2020,0.1
7/29/2020,0.09
7/28/2020,0.09
7/27/2020,0.1
7/24/2020,0.1
7/23/2020,0.09
7/22/2020,0.09
7/21/2020,0.09
7/20/2020,0.11
7/17/2020,0.11
7/16/2020,0.12
7/15/2020,0.12
7/14/2020,0.11
7/13/2020,0.11
7/10/2020,0.1
7/9/2020,0.11
7/8/2020,0.11
7/7/2020,0.12
7/6/2020,0.12
7/2/2020,0.13
7/1/2020,0.12
6/30/2020,0.13
6/29/2020,0.11
6/26/2020,0.12
6/25/2020,0.13
6/24/2020,0.11
6/23/2020,0.12
6/22/2020,0.14
6/19/2020,0.13
6/18/2020,0.13
6/17/2020,0.13
6/16/2020,0.14
6/15/2020,0.15
6/12/2020,0.14
6/11/2020,0.14
6/10/2020,0.13
6/9/2020,0.14
6/8/2020,0.15
6/5/2020,0.13
6/4/2020,0.13
6/3/2020,0.12
6/2/2020,0.12
6/1/2020,0.12
5/29/2020,0.13
5/28/2020,0.14
5/27/2020,0.1
5/26/2020,0.1
5/22/2020,0.09
5/21/2020,0.09
5/20/2020,0.08
5/19/2020,0.09
5/18/2020,0.1
5/15/2020,0.09
5/14/2020,0.09
5/13/2020,0.1
5/12/2020,0.1
5/11/2020,0.09
5/8/2020,0.1
5/7/2020,0.1
5/6/2020,0.08
5/5/2020,0.09
5/4/2020,0.1
5/1/2020,0.1
4/30/2020,0.1
4/29/2020,0.1
4/28/2020,0.08
4/27/2020,0.09
4/24/2020,0.1
4/23/2020,0.09
4/22/2020,0.09
4/21/2020,0.08
4/20/2020,0.1
4/17/2020,0.12
4/16/2020,0.14
4/15/2020,0.13
4/14/2020,0.17
4/13/2020,0.16
4/9/2020,0.2
4/8/2020,0.14
4/7/2020,0.09
4/6/2020,0.09
4/3/2020,0.09
4/2/2020,0.09
4/1/2020,0.03
3/31/2020,0.04
3/30/2020,0.04
3/27/2020,0.01
3/26/2020,0.01
3/25/2020,-0.04
3/24/2020,0.01
3/23/2020,0.01
3/20/2020,0.04
3/19/2020,0.04
3/18/2020,0.04
3/17/2020,0.11
3/16/2020,0.25
3/13/2020,0.33
3/12/2020,0.4
3/11/2020,0.41
3/10/2020,0.56
3/9/2020,0.56
3/6/2020,0.78
3/5/2020,0.91
3/4/2020,1
3/3/2020,1.1
3/2/2020,1.4
2/28/2020,1.43
2/27/2020,1.54
2/26/2020,1.56
2/25/2020,1.56
2/24/2020,1.57
2/21/2020,1.57
2/20/2020,1.58
2/19/2020,1.58
2/18/2020,1.58
2/14/2020,1.57
2/13/2020,1.56
2/12/2020,1.54
2/11/2020,1.54
2/10/2020,1.55
2/7/2020,1.54
2/6/2020,1.56
2/5/2020,1.52
2/4/2020,1.52
2/3/2020,1.53
1/31/2020,1.53
1/30/2020,1.56
1/29/2020,1.49
1/28/2020,1.5
1/27/2020,1.5
1/24/2020,1.51
1/23/2020,1.52
1/22/2020,1.49
1/21/2020,1.49
1/17/2020,1.51
1/16/2020,1.51
1/15/2020,1.5
1/14/2020,1.5
1/13/2020,1.51
1/10/2020,1.49
1/9/2020,1.5
1/8/2020,1.47
1/7/2020,1.49
1/6/2020,1.51
1/3/2020,1.49
1/2/2020,1.5
12/31/2019,1.45
12/30/2019,1.48
12/27/2019,1.53
12/26/2019,1.56
12/24/2019,1.52
12/23/2019,1.54
12/20/2019,1.54
12/19/2019,1.51
12/18/2019,1.53
12/17/2019,1.53
12/16/2019,1.54
12/13/2019,1.52
12/12/2019,1.54
12/11/2019,1.51
12/10/2019,1.5
12/9/2019,1.51
12/6/2019,1.49
12/5/2019,1.49
12/4/2019,1.58
12/3/2019,1.54
12/2/2019,1.58
11/29/2019,1.59
11/27/2019,1.62
11/26/2019,1.6
11/25/2019,1.57
11/22/2019,1.55
11/21/2019,1.54
11/20/2019,1.54
11/19/2019,1.55
11/18/2019,1.56
11/15/2019,1.56
11/14/2019,1.56
11/13/2019,1.53
11/12/2019,1.53
11/8/2019,1.53
11/7/2019,1.54
11/6/2019,1.52
11/5/2019,1.53
11/4/2019,1.55
11/1/2019,1.55
10/31/2019,1.56
10/30/2019,1.59
10/29/2019,1.63
10/28/2019,1.71
10/25/2019,1.7
10/24/2019,1.72
10/23/2019,1.72
10/22/2019,1.73
10/21/2019,1.73
10/18/2019,1.72
10/17/2019,1.71
10/16/2019,1.69
10/15/2019,1.71
10/11/2019,1.73
10/10/2019,1.71
10/9/2019,1.66
10/8/2019,1.65
10/7/2019,1.73
10/4/2019,1.7
10/3/2019,1.75
10/2/2019,1.72
10/1/2019,1.76
9/30/2019,1.88
9/27/2019,1.87
9/26/2019,1.88
9/25/2019,1.76
9/24/2019,1.87
9/23/2019,1.91
9/20/2019,1.92
9/19/2019,1.97
9/18/2019,1.91
9/17/2019,2.06
9/16/2019,2.05
9/13/2019,1.95
9/12/2019,1.95
9/11/2019,1.98
9/10/2019,2.01
9/9/2019,2.01
9/6/2019,2.01
9/5/2019,2.01
9/4/2019,2.01
9/3/2019,2.03
8/30/2019,2.06
8/29/2019,2.06
8/28/2019,2.03
8/27/2019,2.04
8/26/2019,2.06
8/23/2019,2.03
8/22/2019,2.06
8/21/2019,2.01
8/20/2019,2.03
8/19/2019,2.03
8/16/2019,2.01
8/15/2019,2.04
8/14/2019,1.95
8/13/2019,2.01
8/12/2019,2.05
8/9/2019,2.01
8/8/2019,2.05
8/7/2019,1.98
8/6/2019,2.01
8/5/2019,2.03
8/2/2019,2.07
8/1/2019,2.07
7/31/2019,1.96
7/30/2019,2.03
7/29/2019,2.08
7/26/2019,2.09
7/25/2019,2.12
7/24/2019,2.05
7/23/2019,2.07
7/22/2019,2.09
7/19/2019,2.07
7/18/2019,2.07
7/17/2019,2.09
7/16/2019,2.12
7/15/2019,2.13
7/12/2019,2.12
7/11/2019,2.13
7/10/2019,2.14
7/9/2019,2.18
7/8/2019,2.19
7/5/2019,2.22
7/3/2019,2.21
7/2/2019,2.18
7/1/2019,2.13
6/28/2019,2.14
6/27/2019,2.15
6/26/2019,2.07
6/25/2019,2.07
6/24/2019,2.08
6/21/2019,2.12
6/20/2019,2.13
6/19/2019,2.1
6/18/2019,2.14
6/17/2019,2.18
6/14/2019,2.19
6/13/2019,2.2
6/12/2019,2.15
6/11/2019,2.23
6/10/2019,2.26
6/7/2019,2.26
6/6/2019,2.28
6/5/2019,2.26
6/4/2019,2.3
6/3/2019,2.32
5/31/2019,2.31
5/30/2019,2.33
5/29/2019,2.31
5/28/2019,2.31
5/24/2019,2.33
5/23/2019,2.34
5/22/2019,2.32
5/21/2019,2.33
5/20/2019,2.35
5/17/2019,2.35
5/16/2019,2.36
5/15/2019,2.36
5/14/2019,2.37
5/13/2019,2.37
5/10/2019,2.38
5/9/2019,2.39
5/8/2019,2.38
5/7/2019,2.39
5/6/2019,2.39
5/3/2019,2.38
5/2/2019,2.4
5/1/2019,2.38
4/30/2019,2.38
4/29/2019,2.41
4/26/2019,2.38
4/25/2019,2.39
4/24/2019,2.38
4/23/2019,2.39
4/22/2019,2.4
4/18/2019,2.4
4/17/2019,2.38
4/16/2019,2.39
4/15/2019,2.38
4/12/2019,2.37
4/11/2019,2.38
4/10/2019,2.36
4/9/2019,2.38
4/8/2019,2.39
4/5/2019,2.38
4/4/2019,2.39
4/3/2019,2.38
4/2/2019,2.39
4/1/2019,2.38
3/29/2019,2.39
3/28/2019,2.4
3/27/2019,2.41
3/26/2019,2.42
3/25/2019,2.42
3/22/2019,2.44
3/21/2019,2.46
3/20/2019,2.41
3/19/2019,2.41
3/18/2019,2.43
3/15/2019,2.42
3/14/2019,2.43
3/13/2019,2.39
3/12/2019,2.39
3/11/2019,2.4
3/8/2019,2.41
3/7/2019,2.41
3/6/2019,2.38
3/5/2019,2.39
3/4/2019,2.4
3/1/2019,2.4
2/28/2019,2.4
2/27/2019,2.39
2/26/2019,2.39
2/25/2019,2.4
2/22/2019,2.39
2/21/2019,2.39
2/20/2019,2.37
2/19/2019,2.4
2/15/2019,2.39
2/14/2019,2.41
2/13/2019,2.38
2/12/2019,2.38
2/11/2019,2.4
2/8/2019,2.39
2/7/2019,2.39
2/6/2019,2.36
2/5/2019,2.35
2/4/2019,2.37
2/1/2019,2.37
1/31/2019,2.38
1/30/2019,2.36
1/29/2019,2.35
1/28/2019,2.35
1/25/2019,2.32
1/24/2019,2.34
1/23/2019,2.33
1/22/2019,2.34
1/18/2019,2.36
1/17/2019,2.37
1/16/2019,2.37
1/15/2019,2.37
1/14/2019,2.38
1/11/2019,2.37
1/10/2019,2.38
1/9/2019,2.36
1/8/2019,2.36
1/7/2019,2.38
1/4/2019,2.36
1/3/2019,2.38
1/2/2019,2.36
12/31/2018,2.4
12/28/2018,2.35
12/27/2018,2.39
12/26/2018,2.37
12/24/2018,2.38
12/21/2018,2.37
12/20/2018,2.38
12/19/2018,2.3
12/18/2018,2.3
12/17/2018,2.32
12/14/2018,2.32
12/13/2018,2.32
12/12/2018,2.25
12/11/2018,2.24
12/10/2018,2.28
12/7/2018,2.28
12/6/2018,2.32
12/4/2018,2.33
12/3/2018,2.25
11/30/2018,2.27
11/29/2018,2.27
11/28/2018,2.27
11/27/2018,2.27
11/26/2018,2.16
11/23/2018,2.19
11/21/2018,2.2
11/20/2018,2.19
11/19/2018,2.16
11/16/2018,2.15
11/15/2018,2.14
11/14/2018,2.19
11/13/2018,2.2
11/9/2018,2.16
11/8/2018,2.17
11/7/2018,2.19
11/6/2018,2.2
11/5/2018,2.15
11/2/2018,2.15
11/1/2018,2.17
10/31/2018,2.16
10/30/2018,2.17
10/29/2018,2.14
10/26/2018,2.13
10/25/2018,2.16
10/24/2018,2.17
10/23/2018,2.18
10/22/2018,2.14
10/19/2018,2.15
10/18/2018,2.16
10/17/2018,2.17
10/16/2018,2.16
10/15/2018,2.12
10/12/2018,2.1
10/11/2018,2.1
10/10/2018,2.14
10/9/2018,2.14
10/5/2018,2.12
10/4/2018,2.13
10/3/2018,2.12
10/2/2018,2.11
10/1/2018,2.09
9/28/2018,2.09
9/27/2018,2.07
9/26/2018,2.08
9/25/2018,2.09
9/24/2018,2.02
9/21/2018,2.01
9/20/2018,1.99
9/19/2018,2
9/18/2018,2.02
9/17/2018,1.97
9/14/2018,1.98
9/13/2018,1.97
9/12/2018,1.98
9/11/2018,1.99
9/10/2018,1.93
9/7/2018,1.94
9/6/2018,1.94
9/5/2018,1.97
9/4/2018,1.97
8/31/2018,1.91
8/30/2018,1.93
8/29/2018,1.93
8/28/2018,1.93
8/27/2018,1.91
8/24/2018,1.91
8/23/2018,1.9
8/22/2018,1.92
8/21/2018,1.91
8/20/2018,1.89
8/17/2018,1.92
8/16/2018,1.92
8/15/2018,1.93
8/14/2018,1.93
8/13/2018,1.89
8/10/2018,1.88
8/9/2018,1.87
8/8/2018,1.9
8/7/2018,1.93
8/6/2018,1.88
8/3/2018,1.87
8/2/2018,1.86
8/1/2018,1.9
7/31/2018,1.91
7/30/2018,1.87
7/27/2018,1.87
7/26/2018,1.86
7/25/2018,1.87
7/24/2018,1.89
7/23/2018,1.84
7/20/2018,1.82
7/19/2018,1.86
7/18/2018,1.87
7/17/2018,1.9
7/16/2018,1.86
7/13/2018,1.84
7/12/2018,1.86
7/11/2018,1.86
7/10/2018,1.85
7/9/2018,1.83
7/6/2018,1.82
7/5/2018,1.84
7/3/2018,1.88
7/2/2018,1.87
6/29/2018,1.73
6/28/2018,1.73
6/27/2018,1.76
6/26/2018,1.76
6/25/2018,1.76
6/22/2018,1.8
6/21/2018,1.82
6/20/2018,1.82
6/19/2018,1.82
6/18/2018,1.8
6/15/2018,1.79
6/14/2018,1.78
6/13/2018,1.79
6/12/2018,1.78
6/11/2018,1.78
6/8/2018,1.75
6/7/2018,1.75
6/6/2018,1.78
6/5/2018,1.79
6/4/2018,1.72
6/1/2018,1.7
5/31/2018,1.73
5/30/2018,1.74
5/29/2018,1.74
5/25/2018,1.66
5/24/2018,1.7
5/23/2018,1.73
5/22/2018,1.7
5/21/2018,1.65
5/18/2018,1.64
5/17/2018,1.66
5/16/2018,1.66
5/15/2018,1.66
5/14/2018,1.64
5/11/2018,1.63
5/10/2018,1.65
5/9/2018,1.65
5/8/2018,1.66
5/7/2018,1.64
5/4/2018,1.63
5/3/2018,1.65
5/2/2018,1.66
5/1/2018,1.65
4/30/2018,1.6
4/27/2018,1.58
4/26/2018,1.59
4/25/2018,1.62
4/24/2018,1.67
4/23/2018,1.64
4/20/2018,1.62
4/19/2018,1.64
4/18/2018,1.64
4/17/2018,1.65
4/16/2018,1.6
4/13/2018,1.61
4/12/2018,1.62
4/11/2018,1.61
4/10/2018,1.61
4/9/2018,1.64
4/6/2018,1.65
4/5/2018,1.64
4/4/2018,1.65
4/3/2018,1.67
4/2/2018,1.65
3/29/2018,1.6
3/28/2018,1.62
3/27/2018,1.66
3/26/2018,1.68
3/23/2018,1.66
3/22/2018,1.65
3/21/2018,1.68
3/20/2018,1.73
3/19/2018,1.67
3/16/2018,1.68
3/15/2018,1.67
3/14/2018,1.68
3/13/2018,1.61
3/12/2018,1.56
3/9/2018,1.54
3/8/2018,1.54
3/7/2018,1.54
3/6/2018,1.54
3/5/2018,1.48
3/2/2018,1.47
3/1/2018,1.47
2/28/2018,1.48
2/27/2018,1.47
2/26/2018,1.35
2/23/2018,1.35
2/22/2018,1.32
2/21/2018,1.38
2/20/2018,1.37
2/16/2018,1.33
2/15/2018,1.28
2/14/2018,1.3
2/13/2018,1.32
2/12/2018,1.31
2/9/2018,1.29
2/8/2018,1.3
2/7/2018,1.34
2/6/2018,1.46
2/5/2018,1.37
2/2/2018,1.38
2/1/2018,1.39
1/31/2018,1.41
1/30/2018,1.47
1/29/2018,1.24
1/26/2018,1.21
1/25/2018,1.2
1/24/2018,1.23
1/23/2018,1.24
1/22/2018,1.23
1/19/2018,1.25
1/18/2018,1.26
1/17/2018,1.29
1/16/2018,1.31
1/12/2018,1.28
1/11/2018,1.29
1/10/2018,1.29
1/9/2018,1.25
1/8/2018,1.26
1/5/2018,1.24
1/4/2018,1.25
1/3/2018,1.27
1/2/2018,1.27
12/29/2017,1.25
12/28/2017,1.16
12/27/2017,1.15
12/26/2017,1.22
12/22/2017,1.12
12/21/2017,1.18
12/20/2017,1.2
12/19/2017,1.23
12/18/2017,1.23
12/15/2017,1.22
12/14/2017,1.19
12/13/2017,1.2
12/12/2017,1.24
12/11/2017,1.14
12/8/2017,1.11
12/7/2017,1.14
12/6/2017,1.16
12/5/2017,1.19
12/4/2017,1.13
12/1/2017,1.11
11/30/2017,1.12
11/29/2017,1.15
11/28/2017,1.14
11/27/2017,1.12
11/24/2017,1.12
11/22/2017,1.14
11/21/2017,1.13
11/20/2017,1.05
11/17/2017,1.05
11/16/2017,1.06
11/15/2017,1.06
11/14/2017,1.04
11/13/2017,1.04
11/10/2017,1.03
11/9/2017,1.05
11/8/2017,1.03
11/7/2017,1.03
11/6/2017,1
11/3/2017,1
11/2/2017,1
11/1/2017,1.04
10/31/2017,0.98
10/30/2017,0.94
10/27/2017,0.96
10/26/2017,0.97
10/25/2017,0.99
10/24/2017,0.99
10/23/2017,0.98
10/20/2017,0.97
10/19/2017,0.97
10/18/2017,0.97
10/17/2017,0.97
10/16/2017,0.94
10/13/2017,0.95
10/12/2017,0.97
10/11/2017,1.02
10/10/2017,1.02
10/6/2017,1.01
10/5/2017,1
10/4/2017,0.98
10/3/2017,0.99
10/2/2017,0.93
9/29/2017,0.94
9/28/2017,0.95
9/27/2017,0.97
9/26/2017,0.95
9/25/2017,0.95
9/22/2017,0.95
9/21/2017,0.97
9/20/2017,0.97
9/19/2017,0.96
9/18/2017,0.94
9/15/2017,0.96
9/14/2017,0.97
9/13/2017,0.98
9/12/2017,0.98
9/11/2017,0.95
9/8/2017,0.94
9/7/2017,0.96
9/6/2017,1.02
9/5/2017,1.28
9/1/2017,0.94
8/31/2017,0.93
8/30/2017,0.94
8/29/2017,0.95
8/28/2017,0.98
8/25/2017,0.97
8/24/2017,0.97
8/23/2017,0.97
8/22/2017,0.92
8/21/2017,0.93
8/18/2017,0.95
8/17/2017,0.94
8/16/2017,0.95
8/15/2017,0.96
8/14/2017,0.93
8/11/2017,0.98
8/10/2017,1
8/9/2017,0.99
8/8/2017,0.98
8/7/2017,0.97
8/4/2017,0.98
8/3/2017,0.98
8/2/2017,1
8/1/2017,0.98
7/31/2017,0.98
7/28/2017,0.98
7/27/2017,0.99
7/26/2017,1
7/25/2017,0.94
7/24/2017,0.96
7/21/2017,0.97
7/20/2017,0.97
7/19/2017,0.97
7/18/2017,0.93
7/17/2017,0.92
7/14/2017,0.91
7/13/2017,0.93
7/12/2017,0.92
7/11/2017,0.95
7/10/2017,0.92
7/7/2017,0.92
7/6/2017,0.93
7/5/2017,0.95
7/3/2017,0.95
6/30/2017,0.82
6/29/2017,0.86
6/28/2017,0.87
6/27/2017,0.88
6/26/2017,0.77
6/23/2017,0.74
6/22/2017,0.78
6/21/2017,0.84
6/20/2017,0.87
6/19/2017,0.82
6/16/2017,0.83
6/15/2017,0.84
6/14/2017,0.89
6/13/2017,0.88
6/12/2017,0.79
6/9/2017,0.78
6/8/2017,0.78
6/7/2017,0.82
6/6/2017,0.82
6/5/2017,0.8
6/2/2017,0.8
6/1/2017,0.8
5/31/2017,0.85
5/30/2017,0.76
5/26/2017,0.72
5/25/2017,0.7
5/24/2017,0.74
5/23/2017,0.75
5/22/2017,0.66
5/19/2017,0.68
5/18/2017,0.71
5/17/2017,0.7
5/16/2017,0.71
5/15/2017,0.69
5/12/2017,0.66
5/11/2017,0.66
5/10/2017,0.69
5/9/2017,0.73
5/8/2017,0.69
5/5/2017,0.68
5/4/2017,0.69
5/3/2017,0.72
5/2/2017,0.71
5/1/2017,0.64
4/28/2017,0.66
4/27/2017,0.69
4/26/2017,0.73
4/25/2017,0.72
4/24/2017,0.72
4/21/2017,0.71
4/20/2017,0.72
4/19/2017,0.74
4/18/2017,0.75
4/17/2017,0.74
4/13/2017,0.75
4/12/2017,0.76
4/11/2017,0.73
4/10/2017,0.76
4/7/2017,0.76
4/6/2017,0.77
4/5/2017,0.76
4/4/2017,0.76
4/3/2017,0.71
3/31/2017,0.73
3/30/2017,0.74
3/29/2017,0.75
3/28/2017,0.74
3/27/2017,0.72
3/24/2017,0.72
3/23/2017,0.72
3/22/2017,0.73
3/21/2017,0.75
3/20/2017,0.68
3/17/2017,0.7
3/16/2017,0.67
3/15/2017,0.7
3/14/2017,0.76
3/13/2017,0.67
3/10/2017,0.58
3/9/2017,0.48
3/8/2017,0.52
3/7/2017,0.54
3/6/2017,0.53
3/3/2017,0.54
3/2/2017,0.5
3/1/2017,0.45
2/28/2017,0.39
2/27/2017,0.43
2/24/2017,0.39
2/23/2017,0.38
2/22/2017,0.46
2/21/2017,0.48
2/17/2017,0.49
2/16/2017,0.5
2/15/2017,0.52
2/14/2017,0.5
2/13/2017,0.49
2/10/2017,0.5
2/9/2017,0.5
2/8/2017,0.51
2/7/2017,0.5
2/6/2017,0.47
2/3/2017,0.48
2/2/2017,0.49
2/1/2017,0.49
1/31/2017,0.49
1/30/2017,0.48
1/27/2017,0.48
1/26/2017,0.48
1/25/2017,0.47
1/24/2017,0.49
1/23/2017,0.45
1/20/2017,0.45
1/19/2017,0.46
1/18/2017,0.47
1/17/2017,0.51
1/13/2017,0.51
1/12/2017,0.51
1/11/2017,0.5
1/10/2017,0.5
1/9/2017,0.49
1/6/2017,0.49
1/5/2017,0.5
1/4/2017,0.48
1/3/2017,0.51
12/30/2016,0.43
12/29/2016,0.38
12/28/2016,0.47
12/27/2016,0.49
12/23/2016,0.41
12/22/2016,0.41
12/21/2016,0.45
12/20/2016,0.47
12/19/2016,0.44
12/16/2016,0.45
12/15/2016,0.47
12/14/2016,0.48
12/13/2016,0.46
12/12/2016,0.4
12/9/2016,0.39
12/8/2016,0.38
12/7/2016,0.37
12/6/2016,0.34
12/5/2016,0.31
12/2/2016,0.32
12/1/2016,0.31
11/30/2016,0.37
11/29/2016,0.34
11/28/2016,0.3
11/25/2016,0.33
11/23/2016,0.34
11/22/2016,0.34
11/21/2016,0.25
11/18/2016,0.27
11/17/2016,0.29
11/16/2016,0.31
11/15/2016,0.3
11/14/2016,0.29
11/10/2016,0.29
11/9/2016,0.29
11/8/2016,0.28
11/7/2016,0.26
11/4/2016,0.24
11/3/2016,0.23
11/2/2016,0.23
11/1/2016,0.24
10/31/2016,0.18
10/28/2016,0.17
10/27/2016,0.18
10/26/2016,0.25
10/25/2016,0.22
10/24/2016,0.21
10/21/2016,0.24
10/20/2016,0.24
10/19/2016,0.24
10/18/2016,0.26
10/17/2016,0.23
10/14/2016,0.25
10/13/2016,0.26
10/12/2016,0.25
10/11/2016,0.26
10/7/2016,0.25
10/6/2016,0.25
10/5/2016,0.26
10/4/2016,0.28
10/3/2016,0.24
9/30/2016,0.19
9/29/2016,0.11
9/28/2016,0.14
9/27/2016,0.16
9/26/2016,0.1
9/23/2016,0.09
9/22/2016,0.1
9/21/2016,0.12
9/20/2016,0.17
9/19/2016,0.14
9/16/2016,0.19
9/15/2016,0.19
9/14/2016,0.24
9/13/2016,0.25
9/12/2016,0.22
9/9/2016,0.23
9/8/2016,0.25
9/7/2016,0.25
9/6/2016,0.24
9/2/2016,0.24
9/1/2016,0.26
8/31/2016,0.26
8/30/2016,0.23
8/29/2016,0.24
8/26/2016,0.27
8/25/2016,0.27
8/24/2016,0.28
8/23/2016,0.28
8/22/2016,0.23
8/19/2016,0.27
8/18/2016,0.27
8/17/2016,0.27
8/16/2016,0.27
8/15/2016,0.25
8/12/2016,0.27
8/11/2016,0.27
8/10/2016,0.27
8/9/2016,0.27
8/8/2016,0.26
8/5/2016,0.23
8/4/2016,0.24
8/3/2016,0.26
8/2/2016,0.28
8/1/2016,0.19
7/29/2016,0.18
7/28/2016,0.18
7/27/2016,0.24
7/26/2016,0.24
7/25/2016,0.27
7/22/2016,0.28
7/21/2016,0.28
7/20/2016,0.27
7/19/2016,0.29
7/18/2016,0.25
7/15/2016,0.26
7/14/2016,0.29
7/13/2016,0.29
7/12/2016,0.29
7/11/2016,0.27
7/8/2016,0.26
7/7/2016,0.27
7/6/2016,0.26
7/5/2016,0.27
7/1/2016,0.23
6/30/2016,0.19
6/29/2016,0.18
6/28/2016,0.25
6/27/2016,0.21
6/24/2016,0.24
6/23/2016,0.27
6/22/2016,0.25
6/21/2016,0.25
6/20/2016,0.22
6/17/2016,0.22
6/16/2016,0.23
6/15/2016,0.23
6/14/2016,0.24
6/13/2016,0.22
6/10/2016,0.18
6/9/2016,0.21
6/8/2016,0.2
6/7/2016,0.2
6/6/2016,0.18
6/3/2016,0.18
6/2/2016,0.19
6/1/2016,0.27
5/31/2016,0.27
5/27/2016,0.22
5/26/2016,0.16
5/25/2016,0.23
5/24/2016,0.27
5/23/2016,0.25
5/20/2016,0.25
5/19/2016,0.24
5/18/2016,0.25
5/17/2016,0.25
5/16/2016,0.2
5/13/2016,0.24
5/12/2016,0.25
5/11/2016,0.25
5/10/2016,0.25
5/9/2016,0.21
5/6/2016,0.2
5/5/2016,0.2
5/4/2016,0.18
5/3/2016,0.18
5/2/2016,0.1
4/29/2016,0.16
4/28/2016,0.17
4/27/2016,0.18
4/26/2016,0.19
4/25/2016,0.16
4/22/2016,0.19
4/21/2016,0.19
4/20/2016,0.18
4/19/2016,0.18
4/18/2016,0.15
4/15/2016,0.19
4/14/2016,0.21
4/13/2016,0.21
4/12/2016,0.21
4/11/2016,0.19
4/8/2016,0.2
4/7/2016,0.2
4/6/2016,0.19
4/5/2016,0.19
4/4/2016,0.18
4/1/2016,0.2
3/31/2016,0.18
3/30/2016,0.14
3/29/2016,0.18
3/28/2016,0.18
3/24/2016,0.24
3/23/2016,0.27
3/22/2016,0.28
3/21/2016,0.25
3/18/2016,0.27
3/17/2016,0.29
3/16/2016,0.28
3/15/2016,0.29
3/14/2016,0.27
3/11/2016,0.27
3/10/2016,0.27
3/9/2016,0.27
3/8/2016,0.27
3/7/2016,0.26
3/4/2016,0.25
3/3/2016,0.25
3/2/2016,0.27
3/1/2016,0.29
2/29/2016,0.22
2/26/2016,0.25
2/25/2016,0.26
2/24/2016,0.28
2/23/2016,0.28
2/22/2016,0.27
2/19/2016,0.26
2/18/2016,0.28
2/17/2016,0.28
2/16/2016,0.22
2/12/2016,0.25
2/11/2016,0.27
2/10/2016,0.27
2/9/2016,0.27
2/8/2016,0.2
2/5/2016,0.22
2/4/2016,0.24
2/3/2016,0.27
2/2/2016,0.26
2/1/2016,0.17
1/29/2016,0.21
1/28/2016,0.25
1/27/2016,0.27
1/26/2016,0.29
1/25/2016,0.24
1/22/2016,0.25
1/21/2016,0.27
1/20/2016,0.26
1/19/2016,0.2
1/15/2016,0.19
1/14/2016,0.22
1/13/2016,0.22
1/12/2016,0.22
1/11/2016,0.19
1/8/2016,0.2
1/7/2016,0.2
1/6/2016,0.21
1/5/2016,0.2
1/4/2016,0.17
12/31/2015,0.14
12/30/2015,0.08
12/29/2015,0.18
12/28/2015,0.12
12/24/2015,0.15
12/23/2015,0.19
12/22/2015,0.19
12/21/2015,0.13
12/18/2015,0.16
12/17/2015,0.18
12/16/2015,0.2
12/15/2015,0.21
12/14/2015,0.12
12/11/2015,0.15
12/10/2015,0.19
12/9/2015,0.19
12/8/2015,0.23
12/7/2015,0.2
12/4/2015,0.17
12/3/2015,0.18
12/2/2015,0.19
12/1/2015,0.19
11/30/2015,0.1
11/27/2015,0.13
11/25/2015,0.14
11/24/2015,0.13
11/23/2015,0.05
11/20/2015,0.05
11/19/2015,0.06
11/18/2015,0.07
11/17/2015,0.07
11/16/2015,0.04
11/13/2015,0.03
11/12/2015,0.08
11/10/2015,0.08
11/9/2015,0.05
11/6/2015,0.04
11/5/2015,0.04
11/4/2015,0.07
11/3/2015,0.07
11/2/2015,0.01
10/30/2015,0.01
10/29/2015,0.02
10/28/2015,0.03
10/27/2015,0.01
10/26/2015,0.01
10/23/2015,0.01
10/22/2015,0.02
10/21/2015,0.01
10/20/2015,0.08
10/19/2015,0.07
10/16/2015,0.03
10/15/2015,0
10/14/2015,0
10/13/2015,0
10/9/2015,0.01
10/8/2015,-0.01
10/7/2015,0
10/6/2015,-0.01
10/5/2015,-0.02
10/2/2015,-0.02
10/1/2015,-0.01
9/30/2015,-0.02
9/29/2015,-0.01
9/28/2015,-0.02
9/25/2015,-0.02
9/24/2015,-0.03
9/23/2015,-0.03
9/22/2015,-0.02
9/21/2015,-0.01
9/18/2015,-0.01
9/17/2015,-0.01
9/16/2015,-0.01
9/15/2015,0
9/14/2015,0.02
9/11/2015,0.04
9/10/2015,0.02
9/9/2015,0.02
9/8/2015,0.02
9/4/2015,0.02
9/3/2015,0.02
9/2/2015,0.01
9/1/2015,0.01
8/31/2015,0
8/28/2015,0.02
8/27/2015,0.02
8/26/2015,0.03
8/25/2015,0.04
8/24/2015,0.02
8/21/2015,0.02
8/20/2015,0.01
8/19/2015,0.05
8/18/2015,0.05
8/17/2015,0.02
8/14/2015,0.04
8/13/2015,0.06
8/12/2015,0.06
8/11/2015,0.06
8/10/2015,0.02
8/7/2015,0.03
8/6/2015,0.04
8/5/2015,0.05
8/4/2015,0.05
8/3/2015,0.02
7/31/2015,0.04
7/30/2015,0.05
7/29/2015,0.05
7/28/2015,0.05
7/27/2015,0.04
7/24/2015,0.04
7/23/2015,0.04
7/22/2015,0.04
7/21/2015,0.04
7/20/2015,0.03
7/17/2015,0.03
7/16/2015,0.03
7/15/2015,0.03
7/14/2015,0.03
7/13/2015,0.02
7/10/2015,0.01
7/9/2015,0.02
7/8/2015,0.02
7/7/2015,0.02
7/6/2015,0.01
7/2/2015,0.01
7/1/2015,0.01
6/30/2015,0.02
6/29/2015,-0.01
6/26/2015,0
6/25/2015,-0.01
6/24/2015,-0.01
6/23/2015,-0.01
6/22/2015,-0.02
6/19/2015,-0.01
6/18/2015,-0.01
6/17/2015,0
6/16/2015,0
6/15/2015,0
6/12/2015,0.01
6/11/2015,0.01
6/10/2015,0.01
6/9/2015,0.01
6/8/2015,0.01
6/5/2015,0.02
6/4/2015,0.02
6/3/2015,0.02
6/2/2015,0.02
6/1/2015,0.02
5/29/2015,0.01
5/28/2015,0.01
5/27/2015,0.02
5/26/2015,0.01
5/22/2015,0.01
5/21/2015,0.02
5/20/2015,0.02
5/19/2015,0.02
5/18/2015,0.01
5/15/2015,0.02
5/14/2015,0
5/13/2015,0.02
5/12/2015,0.01
5/11/2015,0.02
5/8/2015,0.01
5/7/2015,0.01
5/6/2015,0.02
5/5/2015,0.01
5/4/2015,0.01
5/1/2015,0
4/30/2015,-0.01
4/29/2015,-0.02
4/28/2015,-0.02
4/27/2015,0.01
4/24/2015,0.03
4/23/2015,0.01
4/22/2015,0.01
4/21/2015,0.02
4/20/2015,0.03
4/17/2015,0.03
4/16/2015,0.03
4/15/2015,0.02
4/14/2015,0.02
4/13/2015,0.02
4/10/2015,0.01
4/9/2015,0.02
4/8/2015,0.02
4/7/2015,0.02
4/6/2015,0.02
4/3/2015,0.04
4/2/2015,0.02
4/1/2015,0.02
3/31/2015,0.05
3/30/2015,0.02
3/27/2015,0.02
3/26/2015,0.02
3/25/2015,0.02
3/24/2015,0.03
3/23/2015,0.02
3/20/2015,0
3/19/2015,0.02
3/18/2015,0.02
3/17/2015,0.05
3/16/2015,0.02
3/13/2015,0.03
3/12/2015,0.03
3/11/2015,0.03
3/10/2015,0.03
3/9/2015,0.01
3/6/2015,0.02
3/5/2015,0.02
3/4/2015,0.01
3/3/2015,0.01
3/2/2015,0.02
2/27/2015,0.02
2/26/2015,0.02
2/25/2015,0.02
2/24/2015,0.02
2/23/2015,0.01
2/20/2015,0.02
2/19/2015,0.02
2/18/2015,0.02
2/17/2015,0.02
2/13/2015,0.02
2/12/2015,0.02
2/11/2015,0.02
2/10/2015,0.02
2/9/2015,0.02
2/6/2015,0.01
2/5/2015,0.02
2/4/2015,0.01
2/3/2015,0.02
2/2/2015,0.01
1/30/2015,0.01
1/29/2015,0.01
1/28/2015,0.02
1/27/2015,0.02
1/26/2015,0.02
1/23/2015,0.02
1/22/2015,0.02
1/21/2015,0.01
1/20/2015,0.01
1/16/2015,0.02
1/15/2015,0.03
1/14/2015,0.02
1/13/2015,0.02
1/12/2015,0.02
1/9/2015,0.02
1/8/2015,0.01
1/7/2015,0.02
1/6/2015,0.02
1/5/2015,0.02
1/2/2015,0.02
12/31/2014,0.03
12/30/2014,0.03
12/29/2014,0.01
12/26/2014,0.01
12/24/2014,0.01
12/23/2014,0.02
12/22/2014,0.01
12/19/2014,0.01
12/18/2014,0.04
12/17/2014,0.03
12/16/2014,0.03
12/15/2014,0.02
12/12/2014,0.02
12/11/2014,0.02
12/10/2014,0.05
12/9/2014,0.05
12/8/2014,0.03
12/5/2014,0.02
12/4/2014,0.03
12/3/2014,0.03
12/2/2014,0.04
12/1/2014,0.01
11/28/2014,0.04
11/26/2014,0.06
11/25/2014,0.06
11/24/2014,0.04
11/21/2014,0.04
11/20/2014,0.04
11/19/2014,0.04
11/18/2014,0.04
11/17/2014,0.02
11/14/2014,0.04
11/13/2014,0.05
11/12/2014,0.05
11/10/2014,0.04
11/7/2014,0.04
11/6/2014,0.04
11/5/2014,0.04
11/4/2014,0.04
11/3/2014,0.03
10/31/2014,0.01
10/30/2014,0.01
10/29/2014,0.01
10/28/2014,0.02
10/27/2014,0.03
10/24/2014,0.02
10/23/2014,0.02
10/22/2014,0.04
10/21/2014,0.04
10/20/2014,0.03
10/17/2014,0.03
10/16/2014,0.04
10/15/2014,0.02
10/14/2014,0.03
10/10/2014,0.02
10/9/2014,0.02
10/8/2014,0.01
10/7/2014,0.02
10/6/2014,0.01
10/3/2014,0.01
10/2/2014,0.01
10/1/2014,0.01
9/30/2014,0.02
9/29/2014,0.01
9/26/2014,0.01
9/25/2014,0
9/24/2014,0.01
9/23/2014,0.01
9/22/2014,0
9/19/2014,0.01
9/18/2014,0.01
9/17/2014,0.01
9/16/2014,0.01
9/15/2014,0.01
9/12/2014,0.01
9/11/2014,0.01
9/10/2014,0.01
9/9/2014,0.01
9/8/2014,0.01
9/5/2014,0.02
9/4/2014,0.02
9/3/2014,0.02
9/2/2014,0.02
8/29/2014,0.02
8/28/2014,0.02
8/27/2014,0.02
8/26/2014,0.04
8/25/2014,0.02
8/22/2014,0.04
8/21/2014,0.03
8/20/2014,0.04
8/19/2014,0.04
8/18/2014,0.02
8/15/2014,0.03
8/14/2014,0.04
8/13/2014,0.04
8/12/2014,0.05
8/11/2014,0.03
8/8/2014,0.03
8/7/2014,0.03
8/6/2014,0.03
8/5/2014,0.03
8/4/2014,0.02
8/1/2014,0.01
7/31/2014,0.01
7/30/2014,0.03
7/29/2014,0.03
7/28/2014,0.03
7/25/2014,0.03
7/24/2014,0.04
7/23/2014,0.03
7/22/2014,0.03
7/21/2014,0.02
7/18/2014,0.03
7/17/2014,0.02
7/16/2014,0.02
7/15/2014,0.02
7/14/2014,0.02
7/11/2014,0.02
7/10/2014,0.02
7/9/2014,0.03
7/8/2014,0.02
7/7/2014,0.02
7/3/2014,0.01
7/2/2014,0.02
7/1/2014,0.03
6/30/2014,0.02
6/27/2014,0.02
6/26/2014,0.01
6/25/2014,0.01
6/24/2014,0.01
6/23/2014,0.02
6/20/2014,0.01
6/19/2014,0.01
6/18/2014,0.03
6/17/2014,0.03
6/16/2014,0.03
6/13/2014,0.02
6/12/2014,0.02
6/11/2014,0.03
6/10/2014,0.04
6/9/2014,0.03
6/6/2014,0.02
6/5/2014,0.03
6/4/2014,0.04
6/3/2014,0.04
6/2/2014,0.04
5/30/2014,0.05
5/29/2014,0.05
5/28/2014,0.04
5/27/2014,0.03
5/23/2014,0.04
5/22/2014,0.03
5/21/2014,0.04
5/20/2014,0.04
5/19/2014,0.01
5/16/2014,0.01
5/15/2014,0.01
5/14/2014,0.02
5/13/2014,0.03
5/12/2014,0.02
5/9/2014,0.02
5/8/2014,0.02
5/7/2014,0.03
5/6/2014,0.03
5/5/2014,0.01
5/2/2014,0.01
5/1/2014,0.02
4/30/2014,0.02
4/29/2014,0.02
4/28/2014,0
4/25/2014,0.01
4/24/2014,0
4/23/2014,0.02
4/22/2014,0.02
4/21/2014,0.02
4/17/2014,0.02
4/16/2014,0.03
4/15/2014,0.03
4/14/2014,0.03
4/11/2014,0.04
4/10/2014,0.03
4/9/2014,0.03
4/8/2014,0.04
4/7/2014,0.03
4/4/2014,0.03
4/3/2014,0.03
4/2/2014,0.02
4/1/2014,0.02
3/31/2014,0.03
3/28/2014,0.03
3/27/2014,0.02
3/26/2014,0.05
3/25/2014,0.05
3/24/2014,0.05
3/21/2014,0.05
3/20/2014,0.06
3/19/2014,0.07
3/18/2014,0.07
3/17/2014,0.05
3/14/2014,0.05
3/13/2014,0.06
3/12/2014,0.05
3/11/2014,0.06
3/10/2014,0.05
3/7/2014,0.06
3/6/2014,0.06
3/5/2014,0.06
3/4/2014,0.06
3/3/2014,0.04
2/28/2014,0.04
2/27/2014,0.04
2/26/2014,0.04
2/25/2014,0.04
2/24/2014,0.02
2/21/2014,0.02
2/20/2014,0.02
2/19/2014,0.04
2/18/2014,0.02
2/14/2014,0.01
2/13/2014,0.01
2/12/2014,0.01
2/11/2014,0.05
2/10/2014,0.07
2/7/2014,0.1
2/6/2014,0.07
2/5/2014,0.13
2/4/2014,0.12
2/3/2014,0.04
1/31/2014,0.03
1/30/2014,0.04
1/29/2014,0.04
1/28/2014,0.05
1/27/2014,0.04
1/24/2014,0.04
1/23/2014,0.01
1/22/2014,0
1/21/2014,0.01
1/17/2014,0.01
1/16/2014,0.01
1/15/2014,0.01
1/14/2014,0
1/13/2014,0
1/10/2014,0.01
1/9/2014,0.01
1/8/2014,0
1/7/2014,0.01
1/6/2014,0.01
1/3/2014,0.01
1/2/2014,0.01
12/31/2013,0.01
12/30/2013,0.01
12/27/2013,0
12/26/2013,0
12/24/2013,0.01
12/23/2013,0.01
12/20/2013,0.01
12/19/2013,0.01
12/18/2013,0.01
12/17/2013,0.02
12/16/2013,0.01
12/13/2013,0.02
12/12/2013,0.01
12/11/2013,0.02
12/10/2013,0.03
12/9/2013,0.03
12/6/2013,0.03
12/5/2013,0.02
12/4/2013,0.04
12/3/2013,0.04
12/2/2013,0.02
11/29/2013,0.05
11/27/2013,0.06
11/26/2013,0.07
11/25/2013,0.03
11/22/2013,0.02
11/21/2013,0.02
11/20/2013,0.06
11/19/2013,0.05
11/18/2013,0.04
11/15/2013,0.06
11/14/2013,0.06
11/13/2013,0.06
11/12/2013,0.05
11/8/2013,0.04
11/7/2013,0.04
11/6/2013,0.05
11/5/2013,0.06
11/4/2013,0.02
11/1/2013,0.03
10/31/2013,0.03
10/30/2013,0.05
10/29/2013,0.06
10/28/2013,0.02
10/25/2013,0.02
10/24/2013,0.02
10/23/2013,0.02
10/22/2013,0.04
10/21/2013,0.02
10/18/2013,0.01
10/17/2013,0.01
10/16/2013,0.14
10/15/2013,0.35
10/11/2013,0.26
10/10/2013,0.26
10/9/2013,0.27
10/8/2013,0.27
10/7/2013,0.15
10/4/2013,0.12
10/3/2013,0.13
10/2/2013,0.08
10/1/2013,0.1
9/30/2013,0.03
9/27/2013,0.03
9/26/2013,0.04
9/25/2013,0.02
9/24/2013,0.02
9/23/2013,0.01
9/20/2013,0.01
9/19/2013,0
9/18/2013,0.01
9/17/2013,0.01
9/16/2013,0.01
9/13/2013,0.01
9/12/2013,0.01
9/11/2013,0.01
9/10/2013,0.01
9/9/2013,0.02
9/6/2013,0.02
9/5/2013,0.03
9/4/2013,0.02
9/3/2013,0.03
8/30/2013,0.02
8/29/2013,0.03
8/28/2013,0.04
8/27/2013,0.04
8/26/2013,0.03
8/23/2013,0.02
8/22/2013,0.01
8/21/2013,0.02
8/20/2013,0.03
8/19/2013,0.03
8/16/2013,0.05
8/15/2013,0.05
8/14/2013,0.06
8/13/2013,0.06
8/12/2013,0.05
8/9/2013,0.05
8/8/2013,0.05
8/7/2013,0.05
8/6/2013,0.05
8/5/2013,0.03
8/2/2013,0.02
8/1/2013,0.02
7/31/2013,0.03
7/30/2013,0.03
7/29/2013,0.01
7/26/2013,0.02
7/25/2013,0.02
7/24/2013,0.02
7/23/2013,0.02
7/22/2013,0.01
7/19/2013,0.01
7/18/2013,0.01
7/17/2013,0.02
7/16/2013,0.02
7/15/2013,0.02
7/12/2013,0.02
7/11/2013,0.02
7/10/2013,0.03
7/9/2013,0.04
7/8/2013,0.02
7/5/2013,0.03
7/3/2013,0.03
7/2/2013,0.02
7/1/2013,0.01
6/28/2013,0.02
6/27/2013,0.02
6/26/2013,0.02
6/25/2013,0.03
6/24/2013,0.01
6/21/2013,0.02
6/20/2013,0.03
6/19/2013,0.04
6/18/2013,0.04
6/17/2013,0.05
6/14/2013,0.04
6/13/2013,0.04
6/12/2013,0.04
6/11/2013,0.05
6/10/2013,0.04
6/7/2013,0.04
6/6/2013,0.04
6/5/2013,0.04
6/4/2013,0.05
6/3/2013,0.03
5/31/2013,0.03
5/30/2013,0.02
5/29/2013,0.04
5/28/2013,0.02
5/24/2013,0.03
5/23/2013,0.03
5/22/2013,0.04
5/21/2013,0.04
5/20/2013,0.01
5/17/2013,0.01
5/16/2013,0
5/15/2013,0.01
5/14/2013,0.01
5/13/2013,0.02
5/10/2013,0.02
5/9/2013,0.02
5/8/2013,0.01
5/7/2013,0.01
5/6/2013,0.01
5/3/2013,0.02
5/2/2013,0.02
5/1/2013,0.03
4/30/2013,0.03
4/29/2013,0.03
4/26/2013,0.04
4/25/2013,0.04
4/24/2013,0.05
4/23/2013,0.04
4/22/2013,0.04
4/19/2013,0.04
4/18/2013,0.03
4/17/2013,0.05
4/16/2013,0.06
4/15/2013,0.04
4/12/2013,0.05
4/11/2013,0.06
4/10/2013,0.07
4/9/2013,0.06
4/8/2013,0.05
4/5/2013,0.05
4/4/2013,0.07
4/3/2013,0.06
4/2/2013,0.06
4/1/2013,0.06
3/28/2013,0.04
3/27/2013,0.06
3/26/2013,0.08
3/25/2013,0.06
3/22/2013,0.07
3/21/2013,0.08
3/20/2013,0.08
3/19/2013,0.08
3/18/2013,0.07
3/15/2013,0.07
3/14/2013,0.08
3/13/2013,0.09
3/12/2013,0.1
3/11/2013,0.09
3/8/2013,0.09
3/7/2013,0.1
3/6/2013,0.09
3/5/2013,0.09
3/4/2013,0.06
3/1/2013,0.07
2/28/2013,0.07
2/27/2013,0.11
2/26/2013,0.11
2/25/2013,0.09
2/22/2013,0.11
2/21/2013,0.12
2/20/2013,0.12
2/19/2013,0.09
2/15/2013,0.09
2/14/2013,0.1
2/13/2013,0.09
2/12/2013,0.08
2/11/2013,0.05
2/8/2013,0.03
2/7/2013,0.03
2/6/2013,0.06
2/5/2013,0.06
2/4/2013,0.03
2/1/2013,0.02
1/31/2013,0.04
1/30/2013,0.04
1/29/2013,0.03
1/28/2013,0.03
1/25/2013,0.06
1/24/2013,0.06
1/23/2013,0.06
1/22/2013,0.03
1/18/2013,0.04
1/17/2013,0.05
1/16/2013,0.07
1/15/2013,0.09
1/14/2013,0.05
1/11/2013,0.04
1/10/2013,0.05
1/9/2013,0.04
1/8/2013,0.06
1/7/2013,0.05
1/4/2013,0.06
1/3/2013,0.06
1/2/2013,0.07
12/31/2012,0.02
12/28/2012,0
12/27/2012,0.01
12/26/2012,0.05
12/24/2012,0.02
12/21/2012,0.02
12/20/2012,0.02
12/19/2012,0.03
12/18/2012,0.04
12/17/2012,0.01
12/14/2012,0.01
12/13/2012,0.02
12/12/2012,0.04
12/11/2012,0.04
12/10/2012,0.05
12/7/2012,0.06
12/6/2012,0.07
12/5/2012,0.07
12/4/2012,0.07
12/3/2012,0.13
11/30/2012,0.11
11/29/2012,0.16
11/28/2012,0.17
11/27/2012,0.17
11/26/2012,0.15
11/23/2012,0.16
11/21/2012,0.17
11/20/2012,0.15
11/19/2012,0.06
11/16/2012,0.07
11/15/2012,0.13
11/14/2012,0.15
11/13/2012,0.12
11/9/2012,0.13
11/8/2012,0.13
11/7/2012,0.12
11/6/2012,0.12
11/5/2012,0.09
11/2/2012,0.08
11/1/2012,0.06
10/31/2012,0.09
10/29/2012,0.13
10/26/2012,0.12
10/25/2012,0.13
10/24/2012,0.13
10/23/2012,0.11
10/22/2012,0.1
10/19/2012,0.11
10/18/2012,0.12
10/17/2012,0.13
10/16/2012,0.13
10/15/2012,0.1
10/12/2012,0.12
10/11/2012,0.12
10/10/2012,0.12
10/9/2012,0.11
10/5/2012,0.1
10/4/2012,0.1
10/3/2012,0.09
10/2/2012,0.09
10/1/2012,0.05
9/28/2012,0.06
9/27/2012,0.05
9/26/2012,0.05
9/25/2012,0.06
9/24/2012,0.02
9/21/2012,0.05
9/20/2012,0.06
9/19/2012,0.08
9/18/2012,0.08
9/17/2012,0.05
9/14/2012,0.08
9/13/2012,0.1
9/12/2012,0.09
9/11/2012,0.09
9/10/2012,0.09
9/7/2012,0.09
9/6/2012,0.1
9/5/2012,0.11
9/4/2012,0.1
8/31/2012,0.09
8/30/2012,0.12
8/29/2012,0.12
8/28/2012,0.12
8/27/2012,0.1
8/24/2012,0.1
8/23/2012,0.1
8/22/2012,0.1
8/21/2012,0.1
8/20/2012,0.09
8/17/2012,0.09
8/16/2012,0.1
8/15/2012,0.11
8/14/2012,0.11
8/13/2012,0.1
8/10/2012,0.1
8/9/2012,0.1
8/8/2012,0.09
8/7/2012,0.09
8/6/2012,0.04
8/3/2012,0.02
8/2/2012,0.04
8/1/2012,0.07
7/31/2012,0.07
7/30/2012,0.05
7/27/2012,0.07
7/26/2012,0.08
7/25/2012,0.08
7/24/2012,0.08
7/23/2012,0.07
7/20/2012,0.07
7/19/2012,0.06
7/18/2012,0.07
7/17/2012,0.08
7/16/2012,0.03
7/13/2012,0.08
7/12/2012,0.08
7/11/2012,0.07
7/10/2012,0.07
7/9/2012,0.06
7/6/2012,0.06
7/5/2012,0.07
7/3/2012,0.08
7/2/2012,0.05
6/29/2012,0.04
6/28/2012,0.02
6/27/2012,0.06
6/26/2012,0.07
6/25/2012,0.05
6/22/2012,0.05
6/21/2012,0.05
6/20/2012,0.06
6/19/2012,0.06
6/18/2012,0.05
6/15/2012,0.05
6/14/2012,0.08
6/13/2012,0.07
6/12/2012,0.06
6/11/2012,0.04
6/8/2012,0.04
6/7/2012,0.04
6/6/2012,0.05
6/5/2012,0.05
6/4/2012,0.04
6/1/2012,0.03
5/31/2012,0.03
5/30/2012,0.05
5/29/2012,0.06
5/25/2012,0.07
5/24/2012,0.08
5/23/2012,0.07
5/22/2012,0.07
5/21/2012,0.06
5/18/2012,0.06
5/17/2012,0.08
5/16/2012,0.08
5/15/2012,0.08
5/14/2012,0.07
5/11/2012,0.07
5/10/2012,0.08
5/9/2012,0.07
5/8/2012,0.08
5/7/2012,0.06
5/4/2012,0.05
5/3/2012,0.05
5/2/2012,0.06
5/1/2012,0.07
4/30/2012,0.07
4/27/2012,0.07
4/26/2012,0.09
4/25/2012,0.08
4/24/2012,0.07
4/23/2012,0.04
4/20/2012,0.04
4/19/2012,0.04
4/18/2012,0.05
4/17/2012,0.07
4/16/2012,0.07
4/13/2012,0.07
4/12/2012,0.08
4/11/2012,0.08
4/10/2012,0.08
4/9/2012,0.07
4/6/2012,0.06
4/5/2012,0.07
4/4/2012,0.08
4/3/2012,0.07
4/2/2012,0.05
3/30/2012,0.05
3/29/2012,0.02
3/28/2012,0.05
3/27/2012,0.07
3/26/2012,0.06
3/23/2012,0.06
3/22/2012,0.06
3/21/2012,0.09
3/20/2012,0.08
3/19/2012,0.07
3/16/2012,0.07
3/15/2012,0.08
3/14/2012,0.08
3/13/2012,0.06
3/12/2012,0.05
3/9/2012,0.06
3/8/2012,0.07
3/7/2012,0.06
3/6/2012,0.06
3/5/2012,0.07
3/2/2012,0.06
3/1/2012,0.07
2/29/2012,0.08
2/28/2012,0.1
2/27/2012,0.07
2/24/2012,0.08
2/23/2012,0.07
2/22/2012,0.07
2/21/2012,0.02
2/17/2012,0.03
2/16/2012,0.04
2/15/2012,0.09
2/14/2012,0.09
2/13/2012,0.05
2/10/2012,0.05
2/9/2012,0.06
2/8/2012,0.06
2/7/2012,0.06
2/6/2012,0.04
2/3/2012,0.06
2/2/2012,0.07
2/1/2012,0.05
1/31/2012,0.04
1/30/2012,0.05
1/27/2012,0.05
1/26/2012,0.04
1/25/2012,0.03
1/24/2012,0.02
1/23/2012,0.03
1/20/2012,0.03
1/19/2012,0.04
1/18/2012,0.02
1/17/2012,0.02
1/13/2012,0.02
1/12/2012,0.02
1/11/2012,0.01
1/10/2012,0.01
1/9/2012,0.01
1/6/2012,0.02
1/5/2012,0.01
1/4/2012,0.01
1/3/2012,0.01
12/30/2011,0.01
12/29/2011,-0.01
12/28/2011,0
12/27/2011,0.01
12/23/2011,0
12/22/2011,0
12/21/2011,-0.01
12/20/2011,0
12/19/2011,-0.01
12/16/2011,0
12/15/2011,0
12/14/2011,0
12/13/2011,0
12/12/2011,0
12/9/2011,0
12/8/2011,0
12/7/2011,-0.01
12/6/2011,-0.01
12/5/2011,0.01
12/2/2011,0.02
12/1/2011,0.02
11/30/2011,0.02
11/29/2011,0.02
11/28/2011,0.02
11/25/2011,0.02
11/23/2011,0.02
11/22/2011,0.02
11/21/2011,0.02
11/18/2011,0.02
11/17/2011,0.01
11/16/2011,0.01
11/15/2011,0.01
11/14/2011,0.01
11/10/2011,0.01
11/9/2011,0.01
11/8/2011,0.01
11/7/2011,0.01
11/4/2011,0.01
11/3/2011,0.01
11/2/2011,0.01
11/1/2011,0.01
10/31/2011,0.02
10/28/2011,0.02
10/27/2011,0.02
10/26/2011,0.01
10/25/2011,0.01
10/24/2011,0.01
10/21/2011,0.01
10/20/2011,0.02
10/19/2011,0.01
10/18/2011,0.02
10/17/2011,0.02
10/14/2011,0.02
10/13/2011,0.02
10/12/2011,0.01
10/11/2011,0.01
10/7/2011,0.01
10/6/2011,0.01
10/5/2011,0
10/4/2011,0.01
10/3/2011,0.01
9/30/2011,0.02
9/29/2011,-0.01
9/28/2011,-0.01
9/27/2011,0
9/26/2011,0
9/23/2011,0
9/22/2011,0
9/21/2011,0.01
9/20/2011,0
9/19/2011,-0.01
9/16/2011,0.01
9/15/2011,0
9/14/2011,0
9/13/2011,0
9/12/2011,0.01
9/9/2011,0
9/8/2011,0.01
9/7/2011,0
9/6/2011,0.02
9/2/2011,0.02
9/1/2011,0.02
8/31/2011,0.01
8/30/2011,0.01
8/29/2011,0
8/26/2011,0
8/25/2011,0.01
8/24/2011,0.02
8/23/2011,0.01
8/22/2011,0.01
8/19/2011,0
8/18/2011,0.01
8/17/2011,0.01
8/16/2011,0.02
8/15/2011,0
8/12/2011,0.01
8/11/2011,0.01
8/10/2011,0.02
8/9/2011,0.02
8/8/2011,0.02
8/5/2011,0.01
8/4/2011,0.01
8/3/2011,0.01
8/2/2011,0.05
8/1/2011,0.14
7/29/2011,0.17
7/28/2011,0.1
7/27/2011,0.08
7/26/2011,0.07
7/25/2011,0.05
7/22/2011,0.05
7/21/2011,0.04
7/20/2011,0.01
7/19/2011,0.02
7/18/2011,0.01
7/15/2011,0.02
7/14/2011,0.01
7/13/2011,0.01
7/12/2011,0.01
7/11/2011,0.02
7/8/2011,0.03
7/7/2011,0.03
7/6/2011,0.01
7/5/2011,0.01
7/1/2011,0.01
6/30/2011,0.01
6/29/2011,0.01
6/28/2011,0.01
6/27/2011,0.01
6/24/2011,0.01
6/23/2011,0.01
6/22/2011,0.01
6/21/2011,0.01
6/20/2011,0.02
6/17/2011,0.02
6/16/2011,0.02
6/15/2011,0.02
6/14/2011,0.03
6/13/2011,0.02
6/10/2011,0.02
6/9/2011,0.02
6/8/2011,0.01
6/7/2011,0.01
6/6/2011,0.03
6/3/2011,0.04
6/2/2011,0.04
6/1/2011,0.04
5/31/2011,0.04
5/27/2011,0.04
5/26/2011,0.04
5/25/2011,0.04
5/24/2011,0.04
5/23/2011,0.03
5/20/2011,0.03
5/19/2011,0.02
5/18/2011,0.03
5/17/2011,0.03
5/16/2011,0.02
5/13/2011,0.01
5/12/2011,0.01
5/11/2011,0.01
5/10/2011,0.02
5/9/2011,0.01
5/6/2011,0.02
5/5/2011,0.01
5/4/2011,0.02
5/3/2011,0.02
5/2/2011,0.02
4/29/2011,0.02
4/28/2011,0.02
4/27/2011,0.03
4/26/2011,0.02
4/25/2011,0.03
4/21/2011,0.03
4/20/2011,0.04
4/19/2011,0.04
4/18/2011,0.03
4/15/2011,0.04
4/14/2011,0.04
4/13/2011,0.03
4/12/2011,0.02
4/11/2011,0.02
4/8/2011,0.02
4/7/2011,0.03
4/6/2011,0.03
4/5/2011,0.05
4/4/2011,0.02
4/1/2011,0.03
3/31/2011,0.05
3/30/2011,0.03
3/29/2011,0.06
3/28/2011,0.03
3/25/2011,0.04
3/24/2011,0.04
3/23/2011,0.06
3/22/2011,0.07
3/21/2011,0.06
3/18/2011,0.06
3/17/2011,0.06
3/16/2011,0.06
3/15/2011,0.07
3/14/2011,0.05
3/11/2011,0.04
3/10/2011,0.04
3/9/2011,0.07
3/8/2011,0.07
3/7/2011,0.1
3/4/2011,0.11
3/3/2011,0.12
3/2/2011,0.12
3/1/2011,0.07
2/28/2011,0.13
2/25/2011,0.12
2/24/2011,0.13
2/23/2011,0.12
2/22/2011,0.1
2/18/2011,0.08
2/17/2011,0.08
2/16/2011,0.1
2/15/2011,0.11
2/14/2011,0.09
2/11/2011,0.08
2/10/2011,0.08
2/9/2011,0.11
2/8/2011,0.14
2/7/2011,0.13
2/4/2011,0.13
2/3/2011,0.14
2/2/2011,0.15
2/1/2011,0.16
1/31/2011,0.15
1/28/2011,0.13
1/27/2011,0.13
1/26/2011,0.15
1/25/2011,0.15
1/24/2011,0.15
1/21/2011,0.15
1/20/2011,0.15
1/19/2011,0.16
1/18/2011,0.15
1/14/2011,0.14
1/13/2011,0.15
1/12/2011,0.15
1/11/2011,0.15
1/10/2011,0.14
1/7/2011,0.13
1/6/2011,0.13
1/5/2011,0.13
1/4/2011,0.12
1/3/2011,0.1
12/31/2010,0.06
12/30/2010,0.05
12/29/2010,0.05
12/28/2010,0.08
12/27/2010,0.04
12/23/2010,0.06
12/22/2010,0.07
12/21/2010,0.09
12/20/2010,0.02
12/17/2010,0.05
12/16/2010,0.08
12/15/2010,0.08
12/14/2010,0.09
12/13/2010,0.09
12/10/2010,0.09
12/9/2010,0.09
12/8/2010,0.08
12/7/2010,0.08
12/6/2010,0.14
12/3/2010,0.14
12/2/2010,0.16
12/1/2010,0.17
11/30/2010,0.18
11/29/2010,0.16
11/26/2010,0.16
11/24/2010,0.16
11/23/2010,0.15
11/22/2010,0.12
11/19/2010,0.12
11/18/2010,0.13
11/17/2010,0.13
11/16/2010,0.13
11/15/2010,0.12
11/12/2010,0.11
11/10/2010,0.12
11/9/2010,0.11
11/8/2010,0.12
11/5/2010,0.13
11/4/2010,0.13
11/3/2010,0.13
11/2/2010,0.13
11/1/2010,0.14
10/29/2010,0.14
10/28/2010,0.14
10/27/2010,0.14
10/26/2010,0.14
10/25/2010,0.13
10/22/2010,0.13
10/21/2010,0.13
10/20/2010,0.14
10/19/2010,0.14
10/18/2010,0.14
10/15/2010,0.14
10/14/2010,0.15
10/13/2010,0.14
10/12/2010,0.14
10/8/2010,0.14
10/7/2010,0.15
10/6/2010,0.14
10/5/2010,0.14
10/4/2010,0.15
10/1/2010,0.15
9/30/2010,0.14
9/29/2010,0.12
9/28/2010,0.08
9/27/2010,0.07
9/24/2010,0.09
9/23/2010,0.13
9/22/2010,0.12
9/21/2010,0.12
9/20/2010,0.11
9/17/2010,0.12
9/16/2010,0.12
9/15/2010,0.11
9/14/2010,0.11
9/13/2010,0.09
9/10/2010,0.1
9/9/2010,0.1
9/8/2010,0.1
9/7/2010,0.13
9/3/2010,0.15
9/2/2010,0.15
9/1/2010,0.16
8/31/2010,0.16
8/30/2010,0.16
8/27/2010,0.17
8/26/2010,0.17
8/25/2010,0.17
8/24/2010,0.17
8/23/2010,0.15
8/20/2010,0.15
8/19/2010,0.16
8/18/2010,0.16
8/17/2010,0.16
8/16/2010,0.15
8/13/2010,0.14
8/12/2010,0.15
8/11/2010,0.15
8/10/2010,0.15
8/9/2010,0.14
8/6/2010,0.14
8/5/2010,0.15
8/4/2010,0.15
8/3/2010,0.15
8/2/2010,0.14
7/30/2010,0.14
7/29/2010,0.15
7/28/2010,0.15
7/27/2010,0.16
7/26/2010,0.15
7/23/2010,0.15
7/22/2010,0.15
7/21/2010,0.16
7/20/2010,0.16
7/19/2010,0.15
7/16/2010,0.14
7/15/2010,0.16
7/14/2010,0.16
7/13/2010,0.16
7/12/2010,0.16
7/9/2010,0.16
7/8/2010,0.17
7/7/2010,0.17
7/6/2010,0.17
7/2/2010,0.16
7/1/2010,0.16
6/30/2010,0.17
6/29/2010,0.09
6/28/2010,0.06
6/25/2010,0.04
6/24/2010,0.07
6/23/2010,0.07
6/22/2010,0.08
6/21/2010,0.04
6/18/2010,0.04
6/17/2010,0.05
6/16/2010,0.06
6/15/2010,0.03
6/14/2010,0.02
6/11/2010,0.04
6/10/2010,0.06
6/9/2010,0.08
6/8/2010,0.1
6/7/2010,0.1
6/4/2010,0.12
6/3/2010,0.13
6/2/2010,0.13
6/1/2010,0.14
5/28/2010,0.15
5/27/2010,0.16
5/26/2010,0.16
5/25/2010,0.16
5/24/2010,0.16
5/21/2010,0.17
5/20/2010,0.17
5/19/2010,0.17
5/18/2010,0.17
5/17/2010,0.16
5/14/2010,0.15
5/13/2010,0.15
5/12/2010,0.16
5/11/2010,0.15
5/10/2010,0.13
5/7/2010,0.08
5/6/2010,0.06
5/5/2010,0.14
5/4/2010,0.15
5/3/2010,0.14
4/30/2010,0.14
4/29/2010,0.15
4/28/2010,0.14
4/27/2010,0.14
4/26/2010,0.14
4/23/2010,0.14
4/22/2010,0.15
4/21/2010,0.14
4/20/2010,0.14
4/19/2010,0.15
4/16/2010,0.15
4/15/2010,0.16
4/14/2010,0.15
4/13/2010,0.15
4/12/2010,0.15
4/9/2010,0.16
4/8/2010,0.16
4/7/2010,0.16
4/6/2010,0.17
4/5/2010,0.16
4/2/2010,0.15
4/1/2010,0.16
3/31/2010,0.15
3/30/2010,0.13
3/29/2010,0.11
3/26/2010,0.11
3/25/2010,0.12
3/24/2010,0.12
3/23/2010,0.11
3/22/2010,0.13
3/19/2010,0.13
3/18/2010,0.14
3/17/2010,0.13
3/16/2010,0.14
3/15/2010,0.11
3/12/2010,0.1
3/11/2010,0.12
3/10/2010,0.12
3/9/2010,0.12
3/8/2010,0.1
3/5/2010,0.1
3/4/2010,0.09
3/3/2010,0.09
3/2/2010,0.09
3/1/2010,0.08
2/26/2010,0.09
2/25/2010,0.09
2/24/2010,0.08
2/23/2010,0.08
2/22/2010,0.06
2/19/2010,0.06
2/18/2010,0.07
2/17/2010,0.07
2/16/2010,0.04
2/12/2010,0.04
2/11/2010,0.05
2/10/2010,0.06
2/9/2010,0.05
2/8/2010,0.03
2/5/2010,0.03
2/4/2010,0.04
2/3/2010,0.05
2/2/2010,0.04
2/1/2010,0.05
1/29/2010,0.02
1/28/2010,0.01
1/27/2010,0.01
1/26/2010,0.02
1/25/2010,0.02
1/22/2010,0.02
1/21/2010,0.02
1/20/2010,0.03
1/19/2010,0.03
1/15/2010,0.03
1/14/2010,0.02
1/13/2010,0.02
1/12/2010,0.02
1/11/2010,0.01
1/8/2010,0.02
1/7/2010,0.02
1/6/2010,0.03
1/5/2010,0.03
1/4/2010,0.05
12/31/2009,0.04
12/30/2009,0.02
12/29/2009,0.02
12/28/2009,0.02
12/24/2009,0.02
12/23/2009,0.01
12/22/2009,0.01
12/18/2009,0.01
12/17/2009,0.01
12/16/2009,0.02
12/15/2009,0.02
12/14/2009,0.02
12/11/2009,0.01
12/10/2009,0.01
12/9/2009,0.01
12/8/2009,0.02
12/7/2009,0.08
12/4/2009,0.08
12/3/2009,0.09
12/2/2009,0.08
12/1/2009,0.09
11/30/2009,0.08
11/27/2009,0.06
11/25/2009,0.07
11/24/2009,0.06
11/23/2009,0.05
11/20/2009,0.04
11/19/2009,0.03
11/18/2009,0.04
11/17/2009,0.05
11/16/2009,0.05
11/13/2009,0.05
11/12/2009,0.06
11/10/2009,0.06
11/9/2009,0.06
11/6/2009,0.06
11/5/2009,0.06
11/4/2009,0.05
11/3/2009,0.04
11/2/2009,0.03
10/30/2009,0.01
10/29/2009,0.02
10/28/2009,0.04
10/27/2009,0.05
10/26/2009,0.04
10/23/2009,0.02
10/22/2009,0.02
10/21/2009,0.05
10/20/2009,0.05
10/19/2009,0.06
10/16/2009,0.06
10/15/2009,0.06
10/14/2009,0.05
10/13/2009,0.04
10/9/2009,0.04
10/8/2009,0.03
10/7/2009,0.06
10/6/2009,0.05
10/5/2009,0.03
10/2/2009,0.03
10/1/2009,0.03
9/30/2009,0.06
9/29/2009,0.07
9/28/2009,0.02
9/25/2009,0.03
9/24/2009,0.03
9/23/2009,0.05
9/22/2009,0.05
9/21/2009,0.04
9/18/2009,0.03
9/17/2009,0.03
9/16/2009,0.03
9/15/2009,0.05
9/14/2009,0.07
9/11/2009,0.08
9/10/2009,0.08
9/9/2009,0.09
9/8/2009,0.09
9/4/2009,0.09
9/3/2009,0.09
9/2/2009,0.09
9/1/2009,0.08
8/31/2009,0.11
8/28/2009,0.11
8/27/2009,0.11
8/26/2009,0.11
8/25/2009,0.12
8/24/2009,0.1
8/21/2009,0.1
8/20/2009,0.11
8/19/2009,0.1
8/18/2009,0.14
8/17/2009,0.1
8/14/2009,0.09
8/13/2009,0.1
8/12/2009,0.14
8/11/2009,0.14
8/10/2009,0.14
8/7/2009,0.14
8/6/2009,0.15
8/5/2009,0.15
8/4/2009,0.15
8/3/2009,0.14
7/31/2009,0.14
7/30/2009,0.14
7/29/2009,0.14
7/28/2009,0.14
7/27/2009,0.14
7/24/2009,0.15
7/23/2009,0.15
7/22/2009,0.15
7/21/2009,0.16
7/20/2009,0.15
7/17/2009,0.15
7/16/2009,0.15
7/15/2009,0.11
7/14/2009,0.15
7/13/2009,0.15
7/10/2009,0.15
7/9/2009,0.16
7/8/2009,0.15
7/7/2009,0.16
7/6/2009,0.15
7/2/2009,0.15
7/1/2009,0.13
6/30/2009,0.17
6/29/2009,0.1
6/26/2009,0.06
6/25/2009,0.06
6/24/2009,0.1
6/23/2009,0.15
6/22/2009,0.11
6/19/2009,0.1
6/18/2009,0.12
6/17/2009,0.11
6/16/2009,0.09
6/15/2009,0.07
6/12/2009,0.07
6/11/2009,0.09
6/10/2009,0.11
6/9/2009,0.09
6/8/2009,0.07
6/5/2009,0.07
6/4/2009,0.08
6/3/2009,0.08
6/2/2009,0.06
6/1/2009,0.13
5/29/2009,0.14
5/28/2009,0.14
5/27/2009,0.18
5/26/2009,0.12
5/22/2009,0.13
5/21/2009,0.13
5/20/2009,0.18
5/19/2009,0.14
5/18/2009,0.11
5/15/2009,0.11
5/14/2009,0.1
5/13/2009,0.15
5/12/2009,0.16
5/11/2009,0.16
5/8/2009,0.15
5/7/2009,0.15
5/6/2009,0.14
5/5/2009,0.14
5/4/2009,0.13
5/1/2009,0.05
4/30/2009,0.04
4/29/2009,0.04
4/28/2009,0.05
4/27/2009,0.07
4/24/2009,0.07
4/23/2009,0.08
4/22/2009,0.08
4/21/2009,0.07
4/20/2009,0.03
4/17/2009,0.04
4/16/2009,0.02
4/15/2009,0.07
4/14/2009,0.09
4/13/2009,0.12
4/9/2009,0.13
4/8/2009,0.15
4/7/2009,0.17
4/6/2009,0.16
4/3/2009,0.16
4/2/2009,0.17
4/1/2009,0.18
3/31/2009,0.17
3/30/2009,0.04
3/27/2009,0.02
3/26/2009,0.01
3/25/2009,0.02
3/24/2009,0.05
3/23/2009,0.08
3/20/2009,0.08
3/19/2009,0.09
3/18/2009,0.15
3/17/2009,0.14
3/16/2009,0.09
3/13/2009,0.08
3/12/2009,0.1
3/11/2009,0.14
3/10/2009,0.14
3/9/2009,0.11
3/6/2009,0.08
3/5/2009,0.1
3/4/2009,0.14
3/3/2009,0.14
3/2/2009,0.15
2/27/2009,0.16
2/26/2009,0.18
2/25/2009,0.21
2/24/2009,0.22
2/23/2009,0.18
2/20/2009,0.19
2/19/2009,0.22
2/18/2009,0.23
2/17/2009,0.25
2/13/2009,0.23
2/12/2009,0.25
2/11/2009,0.22
2/10/2009,0.24
2/9/2009,0.21
2/6/2009,0.21
2/5/2009,0.21
2/4/2009,0.26
2/3/2009,0.28
2/2/2009,0.18
1/30/2009,0.14
1/29/2009,0.14
1/28/2009,0.08
1/27/2009,0.05
1/26/2009,0.01
1/23/2009,0.03
1/22/2009,0.03
1/21/2009,0.03
1/20/2009,0.03
1/16/2009,0.04
1/15/2009,0.03
1/14/2009,0.07
1/13/2009,0.02
1/12/2009,0.03
1/9/2009,0.03
1/8/2009,0.04
1/7/2009,0.03
1/6/2009,0.05
1/5/2009,0.04
1/2/2009,0.04
12/31/2008,0.11
12/30/2008,0.11
12/29/2008,0.04
12/26/2008,0.01
12/24/2008,0
12/23/2008,0.01
12/22/2008,0.01
12/19/2008,-0.01
12/18/2008,0.03
12/17/2008,0.03
12/16/2008,0.05
12/15/2008,0
12/12/2008,0.03
12/11/2008,-0.01
12/10/2008,0
12/9/2008,0.04
12/8/2008,0.01
12/5/2008,0.02
12/4/2008,0.01
12/3/2008,0.02
12/2/2008,0.04
12/1/2008,0.09
11/28/2008,0.02
11/26/2008,0.02
11/25/2008,0.04
11/24/2008,0.01
11/21/2008,0.03
11/20/2008,0.05
11/19/2008,0.09
11/18/2008,0.1
11/17/2008,0.06
11/14/2008,0.06
11/13/2008,0.08
11/12/2008,0.1
11/10/2008,0.1
11/7/2008,0.12
11/6/2008,0.13
11/5/2008,0.15
11/4/2008,0.29
11/3/2008,0.18
10/31/2008,0.11
10/30/2008,0.13
10/29/2008,0.4
10/28/2008,0.41
10/27/2008,0.23
10/24/2008,0.28
10/23/2008,0.35
10/22/2008,0.57
10/21/2008,0.69
10/20/2008,0.42
10/17/2008,0.07
10/16/2008,0.1
10/15/2008,0.05
10/14/2008,0.05
10/10/2008,0.06
10/9/2008,0.17
10/8/2008,0.21
10/7/2008,0.38
10/6/2008,0.15
10/3/2008,0.13
10/2/2008,0.19
10/1/2008,0.65
9/30/2008,1.01
9/29/2008,0.06
9/26/2008,0.17
9/25/2008,0.38
9/24/2008,0.12
9/23/2008,0.3
9/22/2008,0.69
9/19/2008,0.73
9/18/2008,0.26
9/17/2008,0.07
9/16/2008,0.23
9/15/2008,0.28
9/12/2008,1.35
9/11/2008,1.51
9/10/2008,1.56
9/9/2008,1.57
9/8/2008,1.56
9/5/2008,1.5
9/4/2008,1.53
9/3/2008,1.54
9/2/2008,1.61
8/29/2008,1.6
8/28/2008,1.6
8/27/2008,1.56
8/26/2008,1.65
8/25/2008,1.63
8/22/2008,1.65
8/21/2008,1.71
8/20/2008,1.72
8/19/2008,1.8
8/18/2008,1.74
8/15/2008,1.7
8/14/2008,1.73
8/13/2008,1.77
8/12/2008,1.7
8/11/2008,1.73
8/8/2008,1.6
8/7/2008,1.5
8/6/2008,1.5
8/5/2008,1.7
8/4/2008,1.57
8/1/2008,1.49
7/31/2008,1.52
7/30/2008,1.64
7/29/2008,1.7
7/28/2008,1.65
7/25/2008,1.7
7/24/2008,1.67
7/23/2008,1.57
7/22/2008,1.48
7/21/2008,1.29
7/18/2008,1.25
7/17/2008,1.29
7/16/2008,1.34
7/15/2008,1.47
7/14/2008,1.39
7/11/2008,1.35
7/10/2008,1.45
7/9/2008,1.79
7/8/2008,1.83
7/7/2008,1.77
7/3/2008,1.83
7/2/2008,1.84
7/1/2008,1.89
6/30/2008,1.54
6/27/2008,1.25
6/26/2008,1.39
6/25/2008,1.46
6/24/2008,1.56
6/23/2008,1.49
6/20/2008,1.45
6/19/2008,1.56
6/18/2008,1.67
6/17/2008,1.79
6/16/2008,1.85
6/13/2008,1.83
6/12/2008,1.89
6/11/2008,1.88
6/10/2008,1.97
6/9/2008,1.77
6/6/2008,1.72
6/5/2008,1.76
6/4/2008,1.82
6/3/2008,1.93
6/2/2008,1.92
5/30/2008,1.96
5/29/2008,2
5/28/2008,2.05
5/27/2008,1.89
5/23/2008,1.9
5/22/2008,1.95
5/21/2008,1.93
5/20/2008,1.94
5/19/2008,1.92
5/16/2008,1.82
5/15/2008,1.81
5/14/2008,1.83
5/13/2008,1.83
5/12/2008,1.7
5/9/2008,1.57
5/8/2008,1.52
5/7/2008,1.54
5/6/2008,1.51
5/5/2008,1.3
5/2/2008,1.21
5/1/2008,1.2
4/30/2008,1.15
4/29/2008,1.26
4/28/2008,0.86
4/25/2008,0.76
4/24/2008,0.78
4/23/2008,0.76
4/22/2008,0.71
4/21/2008,0.83
4/18/2008,0.86
4/17/2008,0.84
4/16/2008,0.84
4/15/2008,0.83
4/14/2008,0.82
4/11/2008,0.87
4/10/2008,0.95
4/9/2008,1.04
4/8/2008,1.32
4/7/2008,1.4
4/4/2008,1.49
4/3/2008,1.55
4/2/2008,1.53
4/1/2008,1.53
3/31/2008,1.18
3/28/2008,1.27
3/27/2008,1.3
3/26/2008,1.34
3/25/2008,1.45
3/24/2008,0.58
3/20/2008,0.35
3/19/2008,0.25
3/18/2008,0.7
3/17/2008,1.15
3/14/2008,1.18
3/13/2008,1.55
3/12/2008,1.67
3/11/2008,1.8
3/10/2008,1.66
3/7/2008,1.65
3/6/2008,1.73
3/5/2008,1.9
3/4/2008,1.99
3/3/2008,2.01
2/29/2008,2.04
2/28/2008,2.05
2/27/2008,2.17
2/26/2008,2.3
2/25/2008,2.31
2/22/2008,2.29
2/21/2008,2.31
2/20/2008,2.36
2/19/2008,2.34
2/15/2008,2.36
2/14/2008,2.46
2/13/2008,2.45
2/12/2008,2.5
2/11/2008,2.31
2/8/2008,2.2
2/7/2008,2.15
2/6/2008,2.08
2/5/2008,2.18
2/4/2008,2.1
2/1/2008,1.7
1/31/2008,1.6
1/30/2008,1.89
1/29/2008,2.09
1/28/2008,2.05
1/25/2008,2.01
1/24/2008,2.14
1/23/2008,2.03
1/22/2008,2.08
1/18/2008,2.56
1/17/2008,3.01
1/16/2008,3.08
1/15/2008,3.09
1/14/2008,3.14
1/11/2008,3.18
1/10/2008,3.32
1/9/2008,3.28
1/8/2008,3.25
1/7/2008,3.21
1/4/2008,3.16
1/3/2008,3.13
1/2/2008,3.02
12/31/2007,2.61
12/28/2007,2.47
12/27/2007,2.78
12/26/2007,2.97
12/24/2007,2.61
12/21/2007,2.35
12/20/2007,2.34
12/19/2007,2.6
12/18/2007,2.7
12/17/2007,2.69
12/14/2007,2.55
12/13/2007,2.64
12/12/2007,2.84
12/11/2007,2.84
12/10/2007,2.99
12/7/2007,2.98
12/6/2007,3.03
12/5/2007,3.1
12/4/2007,3.1
12/3/2007,3.57
11/30/2007,3.6
11/29/2007,3.34
11/28/2007,3.47
11/27/2007,3.61
11/26/2007,3.53
11/23/2007,3.61
11/21/2007,3.48
11/20/2007,3.58
11/19/2007,3.72
11/16/2007,3.74
11/15/2007,3.69
11/14/2007,3.8
11/13/2007,3.71
11/9/2007,3.37
11/8/2007,3.5
11/7/2007,3.71
11/6/2007,3.91
11/5/2007,3.81
11/2/2007,3.67
11/1/2007,3.83
10/31/2007,3.93
10/30/2007,3.95
10/29/2007,3.88
10/26/2007,3.9
10/25/2007,3.84
10/24/2007,3.76
10/23/2007,3.9
10/22/2007,3.58
10/19/2007,3.35
10/18/2007,3.12
10/17/2007,3.66
10/16/2007,4.06
10/15/2007,4.16
10/12/2007,4.04
10/11/2007,3.9
10/10/2007,3.73
10/9/2007,3.59
10/5/2007,3.48
10/4/2007,3.54
10/3/2007,3.59
10/2/2007,3.55
10/1/2007,3.39
9/28/2007,3.34
9/27/2007,3.22
9/26/2007,3.18
9/25/2007,3.28
9/24/2007,3.22
9/21/2007,3.15
9/20/2007,3.38
9/19/2007,3.54
9/18/2007,3.8
9/17/2007,3.71
9/14/2007,3.77
9/13/2007,3.96
9/12/2007,3.92
9/11/2007,4.05
9/10/2007,3.86
9/7/2007,3.95
9/6/2007,4.2
9/5/2007,4.32
9/4/2007,4.48
8/31/2007,3.95
8/30/2007,3.62
8/29/2007,3.94
8/28/2007,4.51
8/27/2007,4.67
8/24/2007,4.16
8/23/2007,3.71
8/22/2007,3.04
8/21/2007,3.1
8/20/2007,2.35
8/17/2007,2.91
8/16/2007,3.03
8/15/2007,4.1
8/14/2007,4.53
8/13/2007,4.51
8/10/2007,4.28
8/9/2007,4.6
8/8/2007,4.94
8/7/2007,4.95
8/6/2007,4.83
8/3/2007,4.85
8/2/2007,4.93
8/1/2007,4.96
7/31/2007,5.03
7/30/2007,4.85
7/27/2007,4.8
7/26/2007,4.89
7/25/2007,4.94
7/24/2007,4.95
7/23/2007,4.76
7/20/2007,4.65
7/19/2007,4.67
7/18/2007,4.67
7/17/2007,4.67
7/16/2007,4.62
7/13/2007,4.61
7/12/2007,4.62
7/11/2007,4.63
7/10/2007,4.64
7/9/2007,4.54
7/6/2007,4.6
7/5/2007,4.65
7/3/2007,4.67
7/2/2007,4.4
6/29/2007,4.16
6/28/2007,3.97
6/27/2007,4.15
6/26/2007,4.44
6/25/2007,4.3
6/22/2007,4.18
6/21/2007,4.07
6/20/2007,4.33
6/19/2007,4.35
6/18/2007,4.37
6/15/2007,4.37
6/14/2007,4.42
6/13/2007,4.53
6/12/2007,4.56
6/11/2007,4.61
6/8/2007,4.67
6/7/2007,4.7
6/6/2007,4.68
6/5/2007,4.66
6/4/2007,4.69
6/1/2007,4.71
5/31/2007,4.69
5/30/2007,4.85
5/29/2007,4.87
5/25/2007,4.88
5/24/2007,4.9
5/23/2007,4.9
5/22/2007,4.91
5/21/2007,4.76
5/18/2007,4.69
5/17/2007,4.7
5/16/2007,4.64
5/15/2007,4.69
5/14/2007,4.61
5/11/2007,4.65
5/10/2007,4.67
5/9/2007,4.65
5/8/2007,4.66
5/7/2007,4.65
5/4/2007,4.64
5/3/2007,4.64
5/2/2007,4.62
5/1/2007,4.59
4/30/2007,4.69
4/27/2007,4.75
4/26/2007,4.81
4/25/2007,4.84
4/24/2007,4.83
4/23/2007,4.83
4/20/2007,4.83
4/19/2007,4.83
4/18/2007,4.84
4/17/2007,4.85
4/16/2007,4.87
4/13/2007,4.88
4/12/2007,4.9
4/11/2007,4.91
4/10/2007,4.91
4/9/2007,4.99
4/6/2007,5
4/5/2007,5
4/4/2007,5.06
4/3/2007,5.06
4/2/2007,5.03
3/30/2007,4.97
3/29/2007,4.95
3/28/2007,5.08
3/27/2007,5.11
3/26/2007,5.14
3/23/2007,5.15
3/22/2007,5.14
3/21/2007,5.14
3/20/2007,5.13
3/19/2007,5.09
3/16/2007,5.09
3/15/2007,5.12
3/14/2007,5.14
3/13/2007,5.14
3/12/2007,5.14
3/9/2007,5.13
3/8/2007,5.14
3/7/2007,5.14
3/6/2007,5.15
3/5/2007,5.14
3/2/2007,5.14
3/1/2007,5.15
2/28/2007,5.13
2/27/2007,5.13
2/26/2007,5.15
2/23/2007,5.16
2/22/2007,5.17
2/21/2007,5.18
2/20/2007,5.15
2/16/2007,5.14
2/15/2007,5.14
2/14/2007,5.14
2/13/2007,5.15
2/12/2007,5.07
2/9/2007,5.06
2/8/2007,5.06
2/7/2007,5.06
2/6/2007,5.05
2/5/2007,4.97
2/2/2007,4.92
2/1/2007,4.9
1/31/2007,4.91
1/30/2007,4.9
1/29/2007,4.84
1/26/2007,4.84
1/25/2007,4.87
1/24/2007,4.9
1/23/2007,4.93
1/22/2007,4.87
1/19/2007,4.86
1/18/2007,4.87
1/17/2007,4.92
1/16/2007,4.9
1/12/2007,4.89
1/11/2007,4.89
1/10/2007,4.85
1/9/2007,4.81
1/8/2007,4.75
1/5/2007,4.71
1/4/2007,4.7
1/3/2007,4.75
1/2/2007,4.66
12/29/2006,4.65
12/28/2006,4.64
12/27/2006,4.66
12/26/2006,4.7
12/22/2006,4.73
12/21/2006,4.75
12/20/2006,4.78
12/19/2006,4.75
12/18/2006,4.7
12/15/2006,4.69
12/14/2006,4.78
12/13/2006,4.77
12/12/2006,4.78
12/11/2006,4.76
12/8/2006,4.8
12/7/2006,4.83
12/6/2006,4.82
12/5/2006,4.79
12/4/2006,5.07
12/1/2006,5.14
11/30/2006,5.14
11/29/2006,5.17
11/28/2006,5.18
11/27/2006,5.16
11/24/2006,5.14
11/22/2006,5.16
11/21/2006,5.17
11/20/2006,5.12
11/17/2006,5.11
11/16/2006,5.14
11/15/2006,5.15
11/14/2006,5.15
11/13/2006,5.1
11/10/2006,5.12
11/9/2006,5.11
11/8/2006,5.11
11/7/2006,5.11
11/6/2006,5.1
11/3/2006,5.1
11/2/2006,5.1
11/1/2006,5.1
10/31/2006,5.09
10/30/2006,5.07
10/27/2006,5.06
10/26/2006,5.07
10/25/2006,5.05
10/24/2006,5.06
10/23/2006,4.96
10/20/2006,4.91
10/19/2006,4.93
10/18/2006,4.96
10/17/2006,4.97
10/16/2006,4.92
10/13/2006,4.84
10/12/2006,4.84
10/11/2006,4.81
10/10/2006,4.7
10/6/2006,4.66
10/5/2006,4.72
10/4/2006,4.69
10/3/2006,4.62
10/2/2006,4.56
9/29/2006,4.5
9/28/2006,4.44
9/27/2006,4.51
9/26/2006,4.56
9/25/2006,4.62
9/22/2006,4.64
9/21/2006,4.63
9/20/2006,4.64
9/19/2006,4.64
9/18/2006,4.66
9/15/2006,4.68
9/14/2006,4.72
9/13/2006,4.69
9/12/2006,4.67
9/11/2006,4.76
9/8/2006,4.75
9/7/2006,4.8
9/6/2006,4.8
9/5/2006,4.88
9/1/2006,4.99
8/31/2006,5.03
8/30/2006,5.08
8/29/2006,5.1
8/28/2006,5.1
8/25/2006,5.09
8/24/2006,5.08
8/23/2006,5.08
8/22/2006,5.08
8/21/2006,5.07
8/18/2006,5.05
8/17/2006,5.07
8/16/2006,5.07
8/15/2006,5.09
8/14/2006,5.07
8/11/2006,5.04
8/10/2006,5.04
8/9/2006,5.05
8/8/2006,5.1
8/7/2006,5.1
8/4/2006,5.07
8/3/2006,5.1
8/2/2006,5.11
8/1/2006,5.11
7/31/2006,4.93
7/28/2006,4.89
7/27/2006,4.93
7/26/2006,4.91
7/25/2006,4.92
7/24/2006,4.8
7/21/2006,4.78
7/20/2006,4.77
7/19/2006,4.82
7/18/2006,4.85
7/17/2006,4.8
7/14/2006,4.77
7/13/2006,4.79
7/12/2006,4.83
7/11/2006,4.81
7/10/2006,4.75
7/7/2006,4.74
7/6/2006,4.71
7/5/2006,4.72
7/3/2006,4.55
6/30/2006,4.43
6/29/2006,4.59
6/28/2006,4.7
6/27/2006,4.78
6/26/2006,4.62
6/23/2006,4.51
6/22/2006,4.46
6/21/2006,4.58
6/20/2006,4.62
6/19/2006,4.57
6/16/2006,4.54
6/15/2006,4.51
6/14/2006,4.6
6/13/2006,4.64
6/12/2006,4.68
6/9/2006,4.7
6/8/2006,4.7
6/7/2006,4.71
6/6/2006,4.72
6/5/2006,4.68
6/2/2006,4.67
6/1/2006,4.67
5/31/2006,4.67
5/30/2006,4.67
5/26/2006,4.67
5/25/2006,4.66
5/24/2006,4.66
5/23/2006,4.67
5/22/2006,4.65
5/19/2006,4.67
5/18/2006,4.67
5/17/2006,4.67
5/16/2006,4.68
5/15/2006,4.58
5/12/2006,4.55
5/11/2006,4.55
5/10/2006,4.6
5/9/2006,4.64
5/8/2006,4.53
5/5/2006,4.52
5/4/2006,4.52
5/3/2006,4.56
5/2/2006,4.58
5/1/2006,4.51
4/28/2006,4.51
4/27/2006,4.56
4/26/2006,4.57
4/25/2006,4.55
4/24/2006,4.49
4/21/2006,4.49
4/20/2006,4.47
4/19/2006,4.46
4/18/2006,4.46
4/17/2006,4.46
4/13/2006,4.46
4/12/2006,4.54
4/11/2006,4.55
4/10/2006,4.56
4/7/2006,4.56
4/6/2006,4.57
4/5/2006,4.54
4/4/2006,4.56
4/3/2006,4.58
3/31/2006,4.57
3/30/2006,4.59
3/29/2006,4.61
3/28/2006,4.63
3/27/2006,4.6
3/24/2006,4.58
3/23/2006,4.58
3/22/2006,4.59
3/21/2006,4.59
3/20/2006,4.47
3/17/2006,4.42
3/16/2006,4.41
3/15/2006,4.42
3/14/2006,4.41
3/13/2006,4.36
3/10/2006,4.37
3/9/2006,4.36
3/8/2006,4.37
3/7/2006,4.39
3/6/2006,4.35
3/3/2006,4.36
3/2/2006,4.37
3/1/2006,4.37
2/28/2006,4.39
2/27/2006,4.4
2/24/2006,4.37
2/23/2006,4.36
2/22/2006,4.36
2/21/2006,4.33
2/17/2006,4.32
2/16/2006,4.31
2/15/2006,4.32
2/14/2006,4.34
2/13/2006,4.29
2/10/2006,4.28
2/9/2006,4.25
2/8/2006,4.27
2/7/2006,4.26
2/6/2006,4.24
2/3/2006,4.24
2/2/2006,4.25
2/1/2006,4.26
1/31/2006,4.3
1/30/2006,4.08
1/27/2006,4.1
1/26/2006,4.08
1/25/2006,4.14
1/24/2006,4.16
1/23/2006,3.85
1/20/2006,3.85
1/19/2006,3.89
1/18/2006,3.96
1/17/2006,3.99
1/13/2006,4.04
1/12/2006,4.08
1/11/2006,4.08
1/10/2006,4.08
1/9/2006,4
1/6/2006,3.98
1/5/2006,3.97
1/4/2006,3.96
1/3/2006,3.97
12/30/2005,3.94
12/29/2005,3.59
12/28/2005,3.5
12/27/2005,3.38
12/23/2005,3.38
12/22/2005,3.47
12/21/2005,3.48
12/20/2005,3.48
12/19/2005,3.45
12/16/2005,3.47
12/15/2005,3.52
12/14/2005,3.54
12/13/2005,3.55
12/12/2005,3.49
12/9/2005,3.54
12/8/2005,3.6
12/7/2005,3.77
12/6/2005,3.77
12/5/2005,3.95
12/2/2005,3.94
12/1/2005,3.93
11/30/2005,3.93
11/29/2005,3.92
11/28/2005,3.88
11/25/2005,3.85
11/23/2005,3.87
11/22/2005,3.87
11/21/2005,3.87
11/18/2005,3.89
11/17/2005,3.91
11/16/2005,3.93
11/15/2005,3.94
11/14/2005,3.86
11/10/2005,3.83
11/9/2005,3.84
11/8/2005,3.82
11/7/2005,3.74
11/4/2005,3.73
11/3/2005,3.74
11/2/2005,3.71
11/1/2005,3.72
10/31/2005,3.69
10/28/2005,3.68
10/27/2005,3.65
10/26/2005,3.64
10/25/2005,3.65
10/24/2005,3.4
10/21/2005,3.39
10/20/2005,3.38
10/19/2005,3.5
10/18/2005,3.51
10/17/2005,3.43
10/14/2005,3.41
10/13/2005,3.43
10/12/2005,3.43
10/11/2005,3.31
10/7/2005,3.28
10/6/2005,3.27
10/5/2005,3.28
10/4/2005,3.29
10/3/2005,3.12
9/30/2005,3.08
9/29/2005,3.02
9/28/2005,3.06
9/27/2005,3.1
9/26/2005,3.1
9/23/2005,2.99
9/22/2005,2.92
9/21/2005,2.96
9/20/2005,3.24
9/19/2005,3.14
9/16/2005,3.16
9/15/2005,3.17
9/14/2005,3.2
9/13/2005,3.25
9/12/2005,3.26
9/9/2005,3.26
9/8/2005,3.25
9/7/2005,3.3
9/6/2005,3.32
9/2/2005,3.32
9/1/2005,3.29
8/31/2005,3.35
8/30/2005,3.34
8/29/2005,3.36
8/26/2005,3.29
8/25/2005,3.28
8/24/2005,3.28
8/23/2005,3.28
8/22/2005,3.27
8/19/2005,3.26
8/18/2005,3.24
8/17/2005,3.25
8/16/2005,3.26
8/15/2005,3.19
8/12/2005,3.25
8/11/2005,3.25
8/10/2005,3.32
8/9/2005,3.31
8/8/2005,3.31
8/5/2005,3.29
8/4/2005,3.28
8/3/2005,3.28
8/2/2005,3.29
8/1/2005,3.23
7/29/2005,3.19
7/28/2005,3.19
7/27/2005,3.17
7/26/2005,3.19
7/25/2005,3.12
7/22/2005,3.09
7/21/2005,3.07
7/20/2005,3.05
7/19/2005,3.08
7/18/2005,2.98
7/15/2005,2.98
7/14/2005,2.98
7/13/2005,2.97
7/12/2005,2.97
7/11/2005,2.91
7/8/2005,2.93
7/7/2005,2.94
7/6/2005,2.99
7/5/2005,2.96
7/1/2005,2.96
6/30/2005,2.94
6/29/2005,2.9
6/28/2005,2.94
6/27/2005,2.77
6/24/2005,2.72
6/23/2005,2.73
6/22/2005,2.79
6/21/2005,2.8
6/20/2005,2.74
6/17/2005,2.74
6/16/2005,2.71
6/15/2005,2.73
6/14/2005,2.74
6/13/2005,2.75
6/10/2005,2.76
6/9/2005,2.76
6/8/2005,2.78
6/7/2005,2.78
6/6/2005,2.76
6/3/2005,2.76
6/2/2005,2.75
6/1/2005,2.74
5/31/2005,2.73
5/27/2005,2.71
5/26/2005,2.72
5/25/2005,2.74
5/24/2005,2.77
5/23/2005,2.61
5/20/2005,2.6
5/19/2005,2.58
5/18/2005,2.55
5/17/2005,2.55
5/16/2005,2.38
5/13/2005,2.4
5/12/2005,2.52
5/11/2005,2.55
5/10/2005,2.55
5/9/2005,2.59
5/6/2005,2.59
5/5/2005,2.55
5/4/2005,2.54
5/3/2005,2.6
5/2/2005,2.6
4/29/2005,2.65
4/28/2005,2.55
4/27/2005,2.6
4/26/2005,2.66
4/25/2005,2.6
4/22/2005,2.58
4/21/2005,2.54
4/20/2005,2.6
4/19/2005,2.69
4/18/2005,2.6
4/15/2005,2.58
4/14/2005,2.58
4/13/2005,2.58
4/12/2005,2.58
4/11/2005,2.55
4/8/2005,2.56
4/7/2005,2.57
4/6/2005,2.56
4/5/2005,2.59
4/4/2005,2.59
4/1/2005,2.61
3/31/2005,2.58
3/30/2005,2.66
3/29/2005,2.66
3/28/2005,2.64
3/24/2005,2.65
3/23/2005,2.68
3/22/2005,2.72
3/21/2005,2.66
3/18/2005,2.65
3/17/2005,2.63
3/16/2005,2.64
3/15/2005,2.66
3/14/2005,2.56
3/11/2005,2.55
3/10/2005,2.55
3/9/2005,2.55
3/8/2005,2.57
3/7/2005,2.53
3/4/2005,2.51
3/3/2005,2.5
3/2/2005,2.49
3/1/2005,2.51
2/28/2005,2.45
2/25/2005,2.46
2/24/2005,2.44
2/23/2005,2.43
2/22/2005,2.37
2/18/2005,2.35
2/17/2005,2.36
2/16/2005,2.35
2/15/2005,2.36
2/14/2005,2.32
2/11/2005,2.32
2/10/2005,2.31
2/9/2005,2.3
2/8/2005,2.3
2/7/2005,2.22
2/4/2005,2.16
2/3/2005,2.15
2/2/2005,2.19
2/1/2005,2.2
1/31/2005,1.99
1/28/2005,2.06
1/27/2005,2.11
1/26/2005,2.12
1/25/2005,2.09
1/24/2005,1.97
1/21/2005,1.96
1/20/2005,1.83
1/19/2005,1.9
1/18/2005,1.96
1/14/2005,2
1/13/2005,2.01
1/12/2005,1.97
1/11/2005,1.99
1/10/2005,2
1/7/2005,1.98
1/6/2005,1.99
1/5/2005,2
1/4/2005,2.01
1/3/2005,1.91
12/31/2004,1.84
12/30/2004,1.62
12/29/2004,1.71
12/28/2004,1.84
12/27/2004,1.82
12/23/2004,1.78
12/22/2004,1.8
12/21/2004,1.89
12/20/2004,1.91
12/17/2004,1.9
12/16/2004,1.89
12/15/2004,1.94
12/14/2004,1.98
12/13/2004,1.98
12/10/2004,2.03
12/9/2004,2.03
12/8/2004,2.04
12/7/2004,2.05
12/6/2004,2.04
12/3/2004,2.02
12/2/2004,2.02
12/1/2004,2.02
11/30/2004,2.04
11/29/2004,1.97
11/26/2004,1.97
11/24/2004,1.95
11/23/2004,1.96
11/22/2004,1.93
11/19/2004,1.94
11/18/2004,1.84
11/17/2004,1.84
11/16/2004,1.87
11/15/2004,1.87
11/12/2004,1.87
11/10/2004,1.85
11/9/2004,1.86
11/8/2004,1.83
11/5/2004,1.82
11/4/2004,1.82
11/3/2004,1.8
11/2/2004,1.83
11/1/2004,1.74
10/29/2004,1.7
10/28/2004,1.68
10/27/2004,1.75
10/26/2004,1.79
10/25/2004,1.68
10/22/2004,1.61
10/21/2004,1.6
10/20/2004,1.59
10/19/2004,1.6
10/18/2004,1.56
10/15/2004,1.56
10/14/2004,1.57
10/13/2004,1.56
10/12/2004,1.55
10/8/2004,1.53
10/7/2004,1.53
10/6/2004,1.53
10/5/2004,1.54
10/4/2004,1.5
10/1/2004,1.49
9/30/2004,1.44
9/29/2004,1.49
9/28/2004,1.6
9/27/2004,1.55
9/24/2004,1.5
9/23/2004,1.5
9/22/2004,1.5
9/21/2004,1.6
9/20/2004,1.57
9/17/2004,1.55
9/16/2004,1.52
9/15/2004,1.54
9/14/2004,1.55
9/13/2004,1.56
9/10/2004,1.58
9/9/2004,1.55
9/8/2004,1.55
9/7/2004,1.49
9/3/2004,1.46
9/2/2004,1.43
9/1/2004,1.41
8/31/2004,1.43
8/30/2004,1.41
8/27/2004,1.4
8/26/2004,1.37
8/25/2004,1.35
8/24/2004,1.37
8/23/2004,1.29
8/20/2004,1.31
8/19/2004,1.32
8/18/2004,1.35
8/17/2004,1.36
8/16/2004,1.33
8/13/2004,1.3
8/12/2004,1.29
8/11/2004,1.38
8/10/2004,1.4
8/9/2004,1.37
8/6/2004,1.34
8/5/2004,1.31
8/4/2004,1.32
8/3/2004,1.35
8/2/2004,1.24
7/30/2004,1.24
7/29/2004,1.26
7/28/2004,1.3
7/27/2004,1.33
7/26/2004,1.26
7/23/2004,1.2
7/22/2004,1.19
7/21/2004,1.19
7/20/2004,1.2
7/19/2004,1.12
7/16/2004,1.12
7/15/2004,1.12
7/14/2004,1.15
7/13/2004,1.17
7/12/2004,1.13
7/9/2004,1.12
7/8/2004,1.12
7/7/2004,1.14
7/6/2004,1.07
7/2/2004,1.04
7/1/2004,0.99
6/30/2004,1.15
6/29/2004,1.17
6/28/2004,1.08
6/25/2004,1.08
6/24/2004,1.08
6/23/2004,1.06
6/22/2004,1.06
6/21/2004,0.99
6/18/2004,1
6/17/2004,1
6/16/2004,1.03
6/15/2004,1.07
6/14/2004,1.02
6/10/2004,1
6/9/2004,1.01
6/8/2004,1.02
6/7/2004,0.93
6/4/2004,0.93
6/3/2004,0.94
6/2/2004,0.95
6/1/2004,0.93
5/28/2004,0.92
5/27/2004,0.92
5/26/2004,0.92
5/25/2004,0.93
5/24/2004,0.89
5/21/2004,0.89
5/20/2004,0.88
5/19/2004,0.89
5/18/2004,0.9
5/17/2004,0.87
5/14/2004,0.85
5/13/2004,0.86
5/12/2004,0.88
5/11/2004,0.9
5/10/2004,0.86
5/7/2004,0.88
5/6/2004,0.87
5/5/2004,0.89
5/4/2004,0.92
5/3/2004,0.8
4/30/2004,0.81
4/29/2004,0.83
4/28/2004,0.86
4/27/2004,0.9
4/26/2004,0.86
4/23/2004,0.85
4/22/2004,0.79
4/21/2004,0.92
4/20/2004,0.92
4/19/2004,0.9
4/16/2004,0.9
4/15/2004,0.91
4/14/2004,0.91
4/13/2004,0.9
4/12/2004,0.91
4/8/2004,0.92
4/7/2004,0.93
4/6/2004,0.93
4/5/2004,0.93
4/2/2004,0.92
4/1/2004,0.94
3/31/2004,0.95
3/30/2004,0.96
3/29/2004,0.94
3/26/2004,0.93
3/25/2004,0.94
3/24/2004,0.94
3/23/2004,0.95
3/22/2004,0.93
3/19/2004,0.92
3/18/2004,0.92
3/17/2004,0.93
3/16/2004,0.96
3/15/2004,0.93
3/12/2004,0.95
3/11/2004,0.95
3/10/2004,0.96
3/9/2004,0.97
3/8/2004,0.94
3/5/2004,0.94
3/4/2004,0.96
3/3/2004,0.96
3/2/2004,0.97
3/1/2004,0.95
2/27/2004,0.93
2/26/2004,0.95
2/25/2004,0.94
2/24/2004,0.95
2/23/2004,0.93
2/20/2004,0.91
2/19/2004,0.91
2/18/2004,0.91
2/17/2004,0.88
2/13/2004,0.88
2/12/2004,0.88
2/11/2004,0.87
2/10/2004,0.89
2/9/2004,0.87
2/6/2004,0.87
2/5/2004,0.87
2/4/2004,0.89
2/3/2004,0.91
2/2/2004,0.85
1/30/2004,0.83
1/29/2004,0.85
1/28/2004,0.87
1/27/2004,0.87
1/26/2004,0.79
1/23/2004,0.77
1/22/2004,0.72
1/21/2004,0.8
1/20/2004,0.77
1/16/2004,0.78
1/15/2004,0.8
1/14/2004,0.84
1/13/2004,0.85
1/12/2004,0.86
1/9/2004,0.86
1/8/2004,0.86
1/7/2004,0.86
1/6/2004,0.86
1/5/2004,0.87
1/2/2004,0.86
12/31/2003,0.88
12/30/2003,0.86
12/29/2003,0.76
12/26/2003,0.74
12/24/2003,0.86
12/23/2003,0.87
12/22/2003,0.86
12/19/2003,0.86
12/18/2003,0.84
12/17/2003,0.83
12/16/2003,0.86
12/15/2003,0.85
12/12/2003,0.86
12/11/2003,0.86
12/10/2003,0.9
12/9/2003,0.91
12/8/2003,0.92
12/5/2003,0.92
12/4/2003,0.92
12/3/2003,0.94
12/2/2003,0.94
12/1/2003,0.95
11/28/2003,0.94
11/26/2003,0.95
11/25/2003,0.95
11/24/2003,0.92
11/21/2003,0.91
11/20/2003,0.91
11/19/2003,0.92
11/18/2003,0.93
11/17/2003,0.91
11/14/2003,0.9
11/13/2003,0.89
11/12/2003,0.9
11/10/2003,0.9
11/7/2003,0.93
11/6/2003,0.93
11/5/2003,0.94
11/4/2003,0.95
11/3/2003,0.95
10/31/2003,0.94
10/30/2003,0.95
10/29/2003,0.96
10/28/2003,0.96
10/27/2003,0.93
10/24/2003,0.9
10/23/2003,0.9
10/22/2003,0.9
10/21/2003,0.9
10/20/2003,0.88
10/17/2003,0.88
10/16/2003,0.88
10/15/2003,0.88
10/14/2003,0.87
10/10/2003,0.87
10/9/2003,0.88
10/8/2003,0.86
10/7/2003,0.83
10/6/2003,0.85
10/3/2003,0.85
10/2/2003,0.84
10/1/2003,0.86
9/30/2003,0.86
9/29/2003,0.84
9/26/2003,0.85
9/25/2003,0.86
9/24/2003,0.87
9/23/2003,0.87
9/22/2003,0.86
9/19/2003,0.86
9/18/2003,0.87
9/17/2003,0.88
9/16/2003,0.89
9/15/2003,0.89
9/12/2003,0.89
9/11/2003,0.91
9/10/2003,0.92
9/9/2003,0.93
9/8/2003,0.93
9/5/2003,0.93
9/4/2003,0.94
9/3/2003,0.96
9/2/2003,0.96
8/29/2003,0.96
8/28/2003,0.97
8/27/2003,0.98
8/26/2003,0.99
8/25/2003,0.95
8/22/2003,0.94
8/21/2003,0.93
8/20/2003,0.92
8/19/2003,0.94
8/18/2003,0.95
8/15/2003,0.9
8/14/2003,0.94
8/13/2003,0.93
8/12/2003,0.91
8/11/2003,0.9
8/8/2003,0.89
8/7/2003,0.89
8/6/2003,0.9
8/5/2003,0.91
8/4/2003,0.89
8/1/2003,0.89
7/31/2003,0.89
7/30/2003,0.92
7/29/2003,0.97
7/28/2003,0.95
7/25/2003,0.9
7/24/2003,0.89
7/23/2003,0.88
7/22/2003,0.87
7/21/2003,0.84
7/18/2003,0.82
7/17/2003,0.82
7/16/2003,0.83
7/15/2003,0.86
7/14/2003,0.86
7/11/2003,0.87
7/10/2003,0.87
7/9/2003,0.88
7/8/2003,0.9
7/7/2003,0.88
7/3/2003,0.86
7/2/2003,0.86
7/1/2003,0.87
6/30/2003,0.78
6/27/2003,0.78
6/26/2003,0.84
6/25/2003,0.9
6/24/2003,0.81
6/23/2003,0.82
6/20/2003,0.8
6/19/2003,0.82
6/18/2003,0.89
6/17/2003,0.91
6/16/2003,0.92
6/13/2003,0.91
6/12/2003,1.01
6/11/2003,1.05
6/10/2003,1.08
6/9/2003,1.14
6/6/2003,1.13
6/5/2003,1.1
6/4/2003,1.13
6/3/2003,1.15
6/2/2003,1.15
5/30/2003,1.15
5/29/2003,1.17
5/28/2003,1.19
5/27/2003,1.15
5/23/2003,1.13
5/22/2003,1.11
5/21/2003,1.12
5/20/2003,1
5/19/2003,0.99
5/16/2003,0.96
5/15/2003,0.96
5/14/2003,0.93
5/13/2003,1
5/12/2003,1.05
5/9/2003,1.05
5/8/2003,1.04
5/7/2003,1.06
5/6/2003,1.07
5/5/2003,1.06
5/2/2003,1.05
5/1/2003,1.07
4/30/2003,1.11
4/29/2003,1.12
4/28/2003,1.11
4/25/2003,1.11
4/24/2003,1.11
4/23/2003,1.12
4/22/2003,1.12
4/21/2003,1.12
4/17/2003,1.12
4/16/2003,1.13
4/15/2003,1.15
4/14/2003,1.17
4/11/2003,1.16
4/10/2003,1.16
4/9/2003,1.15
4/8/2003,1.17
4/7/2003,1.17
4/4/2003,1.15
4/3/2003,1.15
4/2/2003,1.15
4/1/2003,1.15
3/31/2003,1.14
3/28/2003,1.13
3/27/2003,1.16
3/26/2003,1.17
3/25/2003,1.19
3/24/2003,1.16
3/21/2003,1.16
3/20/2003,1.17
3/19/2003,1.17
3/18/2003,1.17
3/17/2003,1.14
3/14/2003,1.12
3/13/2003,1.13
3/12/2003,1.13
3/11/2003,1.13
3/10/2003,1.12
3/7/2003,1.14
3/6/2003,1.18
3/5/2003,1.19
3/4/2003,1.21
3/3/2003,1.18
2/28/2003,1.19
2/27/2003,1.22
2/26/2003,1.24
2/25/2003,1.23
2/24/2003,1.19
2/21/2003,1.18
2/20/2003,1.17
2/19/2003,1.17
2/18/2003,1.17
2/14/2003,1.17
2/13/2003,1.16
2/12/2003,1.16
2/11/2003,1.17
2/10/2003,1.15
2/7/2003,1.15
2/6/2003,1.15
2/5/2003,1.16
2/4/2003,1.16
2/3/2003,1.14
1/31/2003,1.15
1/30/2003,1.15
1/29/2003,1.16
1/28/2003,1.17
1/27/2003,1.13
1/24/2003,1.12
1/23/2003,1.14
1/22/2003,1.15
1/21/2003,1.15
1/17/2003,1.15
1/16/2003,1.15
1/15/2003,1.15
1/14/2003,1.16
1/13/2003,1.15
1/10/2003,1.15
1/9/2003,1.16
1/8/2003,1.15
1/7/2003,1.15
1/6/2003,1.15
1/3/2003,1.16
1/2/2003,1.16
12/31/2002,1.18
12/30/2002,1.12
12/27/2002,1.05
12/26/2002,1.12
12/24/2002,1.15
12/23/2002,1.13
12/20/2002,1.16
12/19/2002,1.17
12/18/2002,1.18
12/17/2002,1.2
12/16/2002,1.18
12/13/2002,1.18
12/12/2002,1.18
12/11/2002,1.21
12/10/2002,1.21
12/9/2002,1.22
12/6/2002,1.21
12/5/2002,1.21
12/4/2002,1.21
12/3/2002,1.21
12/2/2002,1.24
11/29/2002,1.23
11/27/2002,1.26
11/26/2002,1.25
11/25/2002,1.22
11/22/2002,1.21
11/21/2002,1.21
11/20/2002,1.2
11/19/2002,1.21
11/18/2002,1.22
11/15/2002,1.21
11/14/2002,1.2
11/13/2002,1.2
11/12/2002,1.18
11/8/2002,1.17
11/7/2002,1.18
11/6/2002,1.22
11/5/2002,1.42
11/4/2002,1.42
11/1/2002,1.42
10/31/2002,1.46
10/30/2002,1.54
10/29/2002,1.56
10/28/2002,1.57
10/25/2002,1.61
10/24/2002,1.62
10/23/2002,1.66
10/22/2002,1.68
10/21/2002,1.66
10/18/2002,1.63
10/17/2002,1.63
10/16/2002,1.64
10/15/2002,1.63
10/11/2002,1.57
10/10/2002,1.57
10/9/2002,1.58
10/8/2002,1.6
10/7/2002,1.59
10/4/2002,1.58
10/3/2002,1.56
10/2/2002,1.59
10/1/2002,1.61
9/30/2002,1.58
9/27/2002,1.61
9/26/2002,1.64
9/25/2002,1.65
9/24/2002,1.65
9/23/2002,1.63
9/20/2002,1.61
9/19/2002,1.61
9/18/2002,1.67
9/17/2002,1.67
9/16/2002,1.66
9/13/2002,1.65
9/12/2002,1.67
9/11/2002,1.68
9/10/2002,1.69
9/9/2002,1.68
9/6/2002,1.66
9/5/2002,1.64
9/4/2002,1.67
9/3/2002,1.67
8/30/2002,1.68
8/29/2002,1.69
8/28/2002,1.69
8/27/2002,1.67
8/26/2002,1.65
8/23/2002,1.64
8/22/2002,1.64
8/21/2002,1.66
8/20/2002,1.64
8/19/2002,1.65
8/16/2002,1.64
8/15/2002,1.64
8/14/2002,1.66
8/13/2002,1.65
8/12/2002,1.65
8/9/2002,1.64
8/8/2002,1.65
8/7/2002,1.64
8/6/2002,1.67
8/5/2002,1.66
8/2/2002,1.64
8/1/2002,1.68
7/31/2002,1.7
7/30/2002,1.7
7/29/2002,1.7
7/26/2002,1.69
7/25/2002,1.68
7/24/2002,1.67
7/23/2002,1.69
7/22/2002,1.69
7/19/2002,1.69
7/18/2002,1.69
7/17/2002,1.69
7/16/2002,1.69
7/15/2002,1.68
7/12/2002,1.68
7/11/2002,1.69
7/10/2002,1.7
7/9/2002,1.7
7/8/2002,1.7
7/5/2002,1.68
7/3/2002,1.68
7/2/2002,1.67
7/1/2002,1.68
6/28/2002,1.66
6/27/2002,1.67
6/26/2002,1.69
6/25/2002,1.67
6/24/2002,1.63
6/21/2002,1.65
6/20/2002,1.65
6/19/2002,1.66
6/18/2002,1.67
6/17/2002,1.67
6/14/2002,1.68
6/13/2002,1.68
6/12/2002,1.71
6/11/2002,1.72
6/10/2002,1.72
6/7/2002,1.71
6/6/2002,1.71
6/5/2002,1.72
6/4/2002,1.7
6/3/2002,1.69
5/31/2002,1.69
5/30/2002,1.7
5/29/2002,1.7
5/28/2002,1.71
5/24/2002,1.68
5/23/2002,1.7
5/22/2002,1.69
5/21/2002,1.7
5/20/2002,1.7
5/17/2002,1.7
5/16/2002,1.71
5/15/2002,1.73
5/14/2002,1.74
5/13/2002,1.74
5/10/2002,1.7
5/9/2002,1.71
5/8/2002,1.73
5/7/2002,1.7
5/6/2002,1.71
5/3/2002,1.7
5/2/2002,1.71
5/1/2002,1.73
4/30/2002,1.72
4/29/2002,1.7
4/26/2002,1.65
4/25/2002,1.65
4/24/2002,1.64
4/23/2002,1.64
4/22/2002,1.64
4/19/2002,1.66
4/18/2002,1.67
4/17/2002,1.68
4/16/2002,1.68
4/15/2002,1.68
4/12/2002,1.69
4/11/2002,1.69
4/10/2002,1.69
4/9/2002,1.7
4/8/2002,1.73
4/5/2002,1.73
4/4/2002,1.74
4/3/2002,1.74
4/2/2002,1.75
4/1/2002,1.76
3/28/2002,1.73
3/27/2002,1.74
3/26/2002,1.76
3/25/2002,1.75
3/22/2002,1.75
3/21/2002,1.75
3/20/2002,1.76
3/19/2002,1.75
3/18/2002,1.74
3/15/2002,1.76
3/14/2002,1.76
3/13/2002,1.77
3/12/2002,1.76
3/11/2002,1.77
3/8/2002,1.74
3/7/2002,1.74
3/6/2002,1.74
3/5/2002,1.74
3/4/2002,1.74
3/1/2002,1.75
2/28/2002,1.73
2/27/2002,1.74
2/26/2002,1.74
2/25/2002,1.73
2/22/2002,1.72
2/21/2002,1.73
2/20/2002,1.7
2/19/2002,1.7
2/15/2002,1.69
2/14/2002,1.72
2/13/2002,1.72
2/12/2002,1.71
2/11/2002,1.7
2/8/2002,1.66
2/7/2002,1.68
2/6/2002,1.7
2/5/2002,1.67
2/4/2002,1.67
2/1/2002,1.66
1/31/2002,1.66
1/30/2002,1.67
1/29/2002,1.66
1/28/2002,1.68
1/25/2002,1.66
1/24/2002,1.66
1/23/2002,1.65
1/22/2002,1.64
1/18/2002,1.57
1/17/2002,1.57
1/16/2002,1.6
1/15/2002,1.61
1/14/2002,1.6
1/11/2002,1.6
1/10/2002,1.64
1/9/2002,1.65
1/8/2002,1.67
1/7/2002,1.68
1/4/2002,1.69
1/3/2002,1.7
1/2/2002,1.71
